{"v":"5.7.0","fr":60,"ip":0,"op":360,"w":500,"h":500,"nm":"F6300121R02","ddd":0,"assets":[],"layers":[{"ddd":0,"ind":1,"ty":3,"nm":"NULL CONTROL","sr":1,"ks":{"o":{"a":0,"k":0,"ix":11},"r":{"a":0,"k":0,"ix":10},"p":{"a":0,"k":[253.134,233.983,0],"ix":2},"a":{"a":0,"k":[60,60,0],"ix":1},"s":{"a":0,"k":[80,80,100],"ix":6}},"ao":0,"ip":0,"op":360,"st":0,"bm":0},{"ddd":0,"ind":2,"ty":4,"nm":"Layer 14","parent":1,"sr":1,"ks":{"o":{"a":0,"k":100,"ix":11},"r":{"a":0,"k":0,"ix":10},"p":{"a":0,"k":[52.866,96.017,0],"ix":2},"a":{"a":0,"k":[0,0,0],"ix":1},"s":{"a":0,"k":[100,100,100],"ix":6}},"ao":0,"shapes":[{"ty":"gr","it":[{"ind":0,"ty":"sh","ix":1,"ks":{"a":0,"k":{"i":[[0,3.246],[-3.245,0],[0,-3.245],[3.245,0]],"o":[[0,-3.245],[3.245,0],[0,3.246],[-3.245,0]],"v":[[208.367,77.569],[214.251,71.684],[220.136,77.569],[214.251,83.455]],"c":true},"ix":2},"nm":"Path 1","mn":"ADBE Vector Shape - Group","hd":false},{"ind":1,"ty":"sh","ix":2,"ks":{"a":0,"k":{"i":[[0.726,0.725],[0,0],[0,1.777],[5.295,0],[0,-5.296],[-5.295,0],[-1.61,1.22],[0,0],[-0.476,0],[-0.363,0.363]],"o":[[0,0],[0.845,-1.429],[0,-5.296],[-5.295,0],[0,5.296],[2.171,0],[0,0],[0.363,0.363],[0.476,0],[0.726,-0.726]],"v":[[227.25,87.178],[222.492,82.42],[223.855,77.569],[214.251,67.966],[204.648,77.569],[214.251,87.173],[220.015,85.202],[224.621,89.807],[225.936,90.352],[227.25,89.807]],"c":true},"ix":2},"nm":"Path 2","mn":"ADBE Vector Shape - Group","hd":false},{"ty":"gf","o":{"a":0,"k":100,"ix":10},"r":1,"bm":0,"g":{"p":3,"k":{"a":0,"k":[0,0.902,0.988,0.929,0.556,0.81,0.939,0.882,1,0.718,0.89,0.835],"ix":9}},"s":{"a":0,"k":[204,79],"ix":5},"e":{"a":0,"k":[227.147,79],"ix":6},"t":1,"nm":"Gradient Fill 1","mn":"ADBE Vector Graphic - G-Fill","hd":false},{"ty":"tr","p":{"a":0,"k":[0,0],"ix":2},"a":{"a":0,"k":[0,0],"ix":1},"s":{"a":0,"k":[100,100],"ix":3},"r":{"a":0,"k":0,"ix":6},"o":{"a":0,"k":100,"ix":7},"sk":{"a":0,"k":0,"ix":4},"sa":{"a":0,"k":0,"ix":5},"nm":"Transform"}],"nm":"Group 1","np":3,"cix":2,"bm":0,"ix":1,"mn":"ADBE Vector Group","hd":false},{"ty":"gr","it":[{"ty":"gr","it":[{"ind":0,"ty":"sh","ix":1,"ks":{"a":0,"k":{"i":[[12.747,0],[0,0],[0,12.747],[0,0],[-12.747,0],[0,0],[0,-12.747],[0,0]],"o":[[0,0],[-12.747,0],[0,0],[0,-12.747],[0,0],[12.747,0],[0,0],[0,12.747]],"v":[[165.923,102.238],[115.483,102.238],[92.403,79.158],[92.403,79.158],[115.483,56.079],[165.923,56.079],[189.003,79.158],[189.003,79.158]],"c":true},"ix":2},"nm":"Path 1","mn":"ADBE Vector Shape - Group","hd":false},{"ty":"gs","o":{"a":0,"k":100,"ix":9},"w":{"a":0,"k":1,"ix":10},"g":{"p":3,"k":{"a":0,"k":[0,1,1,1,0.556,0.735,0.873,0.829,1,0.471,0.745,0.659],"ix":8}},"s":{"a":0,"k":[91,79],"ix":4},"e":{"a":0,"k":[188.6,79],"ix":5},"t":1,"lc":1,"lj":1,"ml":10,"ml2":{"a":0,"k":10,"ix":13},"bm":0,"nm":"Gradient Stroke 1","mn":"ADBE Vector Graphic - G-Stroke","hd":false},{"ty":"tr","p":{"a":0,"k":[0,0],"ix":2},"a":{"a":0,"k":[0,0],"ix":1},"s":{"a":0,"k":[100,100],"ix":3},"r":{"a":0,"k":0,"ix":6},"o":{"a":0,"k":100,"ix":7},"sk":{"a":0,"k":0,"ix":4},"sa":{"a":0,"k":0,"ix":5},"nm":"Transform"}],"nm":"Group 1","np":2,"cix":2,"bm":0,"ix":1,"mn":"ADBE Vector Group","hd":false},{"ty":"gr","it":[{"ind":0,"ty":"sh","ix":1,"ks":{"a":0,"k":{"i":[[12.747,0],[0,0],[0,12.747],[0,0],[-12.747,0],[0,0],[0,-12.747],[0,0]],"o":[[0,0],[-12.747,0],[0,0],[0,-12.747],[0,0],[12.747,0],[0,0],[0,12.747]],"v":[[165.923,102.238],[115.483,102.238],[92.403,79.158],[92.403,79.158],[115.483,56.079],[165.923,56.079],[189.003,79.158],[189.003,79.158]],"c":true},"ix":2},"nm":"Path 1","mn":"ADBE Vector Shape - Group","hd":false},{"ty":"gf","o":{"a":0,"k":100,"ix":10},"r":1,"bm":0,"g":{"p":3,"k":{"a":0,"k":[0,0.902,0.988,0.929,0.556,0.81,0.939,0.882,1,0.718,0.89,0.835],"ix":9}},"s":{"a":0,"k":[92,79],"ix":5},"e":{"a":0,"k":[188.6,79],"ix":6},"t":1,"nm":"Gradient Fill 1","mn":"ADBE Vector Graphic - G-Fill","hd":false},{"ty":"tr","p":{"a":0,"k":[0,0],"ix":2},"a":{"a":0,"k":[0,0],"ix":1},"s":{"a":0,"k":[100,100],"ix":3},"r":{"a":0,"k":0,"ix":6},"o":{"a":0,"k":100,"ix":7},"sk":{"a":0,"k":0,"ix":4},"sa":{"a":0,"k":0,"ix":5},"nm":"Transform"}],"nm":"Group 2","np":2,"cix":2,"bm":0,"ix":2,"mn":"ADBE Vector Group","hd":false},{"ty":"tr","p":{"a":0,"k":[0,0],"ix":2},"a":{"a":0,"k":[0,0],"ix":1},"s":{"a":0,"k":[100,100],"ix":3},"r":{"a":0,"k":0,"ix":6},"o":{"a":0,"k":100,"ix":7},"sk":{"a":0,"k":0,"ix":4},"sa":{"a":0,"k":0,"ix":5},"nm":"Transform"}],"nm":"Group 2","np":2,"cix":2,"bm":0,"ix":2,"mn":"ADBE Vector Group","hd":false},{"ty":"gr","it":[{"ind":0,"ty":"sh","ix":1,"ks":{"a":0,"k":{"i":[[15.83,0],[0,0],[0,15.83],[0,0],[-15.83,0],[0,0],[0,-15.83],[0,0]],"o":[[0,0],[-15.83,0],[0,0],[0,-15.83],[0,0],[15.83,0],[0,0],[0,15.83]],"v":[[216.337,107.821],[115.487,107.821],[86.825,79.158],[86.825,79.158],[115.487,50.496],[216.337,50.496],[244.999,79.158],[244.999,79.158]],"c":true},"ix":2},"nm":"Path 1","mn":"ADBE Vector Shape - Group","hd":false},{"ty":"gf","o":{"a":0,"k":100,"ix":10},"r":1,"bm":0,"g":{"p":3,"k":{"a":0,"k":[0,1,0.333,0.008,0.556,0.922,0.31,0.018,1,0.843,0.286,0.027],"ix":9}},"s":{"a":0,"k":[86,79],"ix":5},"e":{"a":0,"k":[244.174,79],"ix":6},"t":1,"nm":"Gradient Fill 1","mn":"ADBE Vector Graphic - G-Fill","hd":false},{"ty":"tr","p":{"a":0,"k":[0,0],"ix":2},"a":{"a":0,"k":[0,0],"ix":1},"s":{"a":0,"k":[100,100],"ix":3},"r":{"a":0,"k":0,"ix":6},"o":{"a":0,"k":100,"ix":7},"sk":{"a":0,"k":0,"ix":4},"sa":{"a":0,"k":0,"ix":5},"nm":"Transform"}],"nm":"Group 3","np":2,"cix":2,"bm":0,"ix":3,"mn":"ADBE Vector Group","hd":false}],"ip":0,"op":360,"st":0,"bm":0},{"ddd":0,"ind":3,"ty":4,"nm":"Layer 13","parent":1,"sr":1,"ks":{"o":{"a":0,"k":30,"ix":11},"r":{"a":0,"k":0,"ix":10},"p":{"a":0,"k":[52.866,96.017,0],"ix":2},"a":{"a":0,"k":[0,0,0],"ix":1},"s":{"a":0,"k":[100,100,100],"ix":6}},"ao":0,"shapes":[{"ty":"gr","it":[{"ind":0,"ty":"sh","ix":1,"ks":{"a":0,"k":{"i":[[0,0],[0,0],[0,-15.83],[-15.83,0],[0,0]],"o":[[0,0],[-15.83,0],[0,15.83],[0,0],[0,0]],"v":[[126.36,61.652],[113.628,61.652],[84.966,90.314],[113.628,118.976],[126.36,118.976]],"c":true},"ix":2},"nm":"Path 1","mn":"ADBE Vector Shape - Group","hd":false},{"ty":"fl","c":{"a":0,"k":[0.1254902035,0.494117647409,0.372549027205,1],"ix":4},"o":{"a":0,"k":100,"ix":5},"r":1,"bm":0,"nm":"Fill 1","mn":"ADBE Vector Graphic - Fill","hd":false},{"ty":"tr","p":{"a":0,"k":[0,0],"ix":2},"a":{"a":0,"k":[0,0],"ix":1},"s":{"a":0,"k":[100,100],"ix":3},"r":{"a":0,"k":0,"ix":6},"o":{"a":0,"k":100,"ix":7},"sk":{"a":0,"k":0,"ix":4},"sa":{"a":0,"k":0,"ix":5},"nm":"Transform"}],"nm":"Group 1","np":2,"cix":2,"bm":0,"ix":1,"mn":"ADBE Vector Group","hd":false}],"ip":0,"op":360,"st":0,"bm":0},{"ddd":0,"ind":4,"ty":4,"nm":"Layer 12","parent":1,"sr":1,"ks":{"o":{"a":0,"k":100,"ix":11},"r":{"a":1,"k":[{"i":{"x":[0.833],"y":[0.833]},"o":{"x":[0.167],"y":[0.167]},"t":0,"s":[0]},{"t":358,"s":[-360]}],"ix":10},"p":{"a":0,"k":[-160.363,194.14,0],"ix":2},"a":{"a":0,"k":[-213.229,98.123,0],"ix":1},"s":{"a":0,"k":[100,100,100],"ix":6}},"ao":0,"shapes":[{"ty":"gr","it":[{"ty":"gr","it":[{"ind":0,"ty":"sh","ix":1,"ks":{"a":0,"k":{"i":[[0,-11.029],[11.029,0],[0,11.029],[-11.029,0]],"o":[[0,11.029],[-11.029,0],[0,-11.029],[11.029,0]],"v":[[-193.259,98.123],[-213.229,118.092],[-233.198,98.123],[-213.229,78.154]],"c":true},"ix":2},"nm":"Path 1","mn":"ADBE Vector Shape - Group","hd":false},{"ty":"gs","o":{"a":0,"k":100,"ix":9},"w":{"a":0,"k":1,"ix":10},"g":{"p":3,"k":{"a":0,"k":[0,0.988,0.89,0.553,0.556,0.971,0.739,0.429,1,0.953,0.588,0.306],"ix":8}},"s":{"a":0,"k":[-234,98],"ix":4},"e":{"a":0,"k":[-193.061,98],"ix":5},"t":1,"lc":1,"lj":1,"ml":10,"ml2":{"a":0,"k":10,"ix":13},"bm":0,"nm":"Gradient Stroke 1","mn":"ADBE Vector Graphic - G-Stroke","hd":false},{"ty":"tr","p":{"a":0,"k":[0,0],"ix":2},"a":{"a":0,"k":[0,0],"ix":1},"s":{"a":0,"k":[100,100],"ix":3},"r":{"a":0,"k":0,"ix":6},"o":{"a":0,"k":100,"ix":7},"sk":{"a":0,"k":0,"ix":4},"sa":{"a":0,"k":0,"ix":5},"nm":"Transform"}],"nm":"Group 1","np":2,"cix":2,"bm":0,"ix":1,"mn":"ADBE Vector Group","hd":false},{"ty":"gr","it":[{"ind":0,"ty":"sh","ix":1,"ks":{"a":0,"k":{"i":[[0,-11.029],[11.029,0],[0,11.029],[-11.029,0]],"o":[[0,11.029],[-11.029,0],[0,-11.029],[11.029,0]],"v":[[-193.259,98.123],[-213.229,118.092],[-233.198,98.123],[-213.229,78.154]],"c":true},"ix":2},"nm":"Path 1","mn":"ADBE Vector Shape - Group","hd":false},{"ty":"gf","o":{"a":0,"k":100,"ix":10},"r":1,"bm":0,"g":{"p":3,"k":{"a":0,"k":[0,1,0.843,0.278,0.556,1,0.778,0.296,1,1,0.714,0.314],"ix":9}},"s":{"a":0,"k":[-234,98],"ix":5},"e":{"a":0,"k":[-194.061,98],"ix":6},"t":1,"nm":"Gradient Fill 1","mn":"ADBE Vector Graphic - G-Fill","hd":false},{"ty":"tr","p":{"a":0,"k":[0,0],"ix":2},"a":{"a":0,"k":[0,0],"ix":1},"s":{"a":0,"k":[100,100],"ix":3},"r":{"a":0,"k":0,"ix":6},"o":{"a":0,"k":100,"ix":7},"sk":{"a":0,"k":0,"ix":4},"sa":{"a":0,"k":0,"ix":5},"nm":"Transform"}],"nm":"Group 2","np":2,"cix":2,"bm":0,"ix":2,"mn":"ADBE Vector Group","hd":false},{"ty":"tr","p":{"a":0,"k":[0,0],"ix":2},"a":{"a":0,"k":[0,0],"ix":1},"s":{"a":0,"k":[100,100],"ix":3},"r":{"a":0,"k":0,"ix":6},"o":{"a":0,"k":100,"ix":7},"sk":{"a":0,"k":0,"ix":4},"sa":{"a":0,"k":0,"ix":5},"nm":"Transform"}],"nm":"Group 1","np":2,"cix":2,"bm":0,"ix":1,"mn":"ADBE Vector Group","hd":false},{"ty":"gr","it":[{"ty":"gr","it":[{"ind":0,"ty":"sh","ix":1,"ks":{"a":0,"k":{"i":[[36.231,0],[0,0],[-1.745,-21.424],[0,0]],"o":[[0,0],[21.866,0],[0,0],[-1.785,-35.796]],"v":[[-213.229,30.339],[-213.229,56.38],[-171.637,94.708],[-145.531,94.708]],"c":true},"ix":2},"nm":"Path 1","mn":"ADBE Vector Shape - Group","hd":false},{"ty":"gs","o":{"a":0,"k":100,"ix":9},"w":{"a":0,"k":1,"ix":10},"g":{"p":3,"k":{"a":0,"k":[0,1,0.8,0.804,0.556,0.916,0.639,0.676,1,0.831,0.478,0.549],"ix":8}},"s":{"a":0,"k":[-214,62],"ix":4},"e":{"a":0,"k":[-145.276,62],"ix":5},"t":1,"lc":1,"lj":1,"ml":10,"ml2":{"a":0,"k":10,"ix":13},"bm":0,"nm":"Gradient Stroke 1","mn":"ADBE Vector Graphic - G-Stroke","hd":false},{"ty":"tr","p":{"a":0,"k":[0,0],"ix":2},"a":{"a":0,"k":[0,0],"ix":1},"s":{"a":0,"k":[100,100],"ix":3},"r":{"a":0,"k":0,"ix":6},"o":{"a":0,"k":100,"ix":7},"sk":{"a":0,"k":0,"ix":4},"sa":{"a":0,"k":0,"ix":5},"nm":"Transform"}],"nm":"Group 1","np":2,"cix":2,"bm":0,"ix":1,"mn":"ADBE Vector Group","hd":false},{"ty":"gr","it":[{"ind":0,"ty":"sh","ix":1,"ks":{"a":0,"k":{"i":[[36.231,0],[0,0],[-1.745,-21.424],[0,0]],"o":[[0,0],[21.866,0],[0,0],[-1.785,-35.796]],"v":[[-213.229,30.339],[-213.229,56.38],[-171.637,94.708],[-145.531,94.708]],"c":true},"ix":2},"nm":"Path 1","mn":"ADBE Vector Shape - Group","hd":false},{"ty":"gf","o":{"a":0,"k":100,"ix":10},"r":1,"bm":0,"g":{"p":3,"k":{"a":0,"k":[0,1,0.682,0.69,0.556,0.961,0.627,0.667,1,0.922,0.573,0.643],"ix":9}},"s":{"a":0,"k":[-214,62],"ix":5},"e":{"a":0,"k":[-146.302,62],"ix":6},"t":1,"nm":"Gradient Fill 1","mn":"ADBE Vector Graphic - G-Fill","hd":false},{"ty":"tr","p":{"a":0,"k":[0,0],"ix":2},"a":{"a":0,"k":[0,0],"ix":1},"s":{"a":0,"k":[100,100],"ix":3},"r":{"a":0,"k":0,"ix":6},"o":{"a":0,"k":100,"ix":7},"sk":{"a":0,"k":0,"ix":4},"sa":{"a":0,"k":0,"ix":5},"nm":"Transform"}],"nm":"Group 2","np":2,"cix":2,"bm":0,"ix":2,"mn":"ADBE Vector Group","hd":false},{"ty":"tr","p":{"a":0,"k":[0,0],"ix":2},"a":{"a":0,"k":[0,0],"ix":1},"s":{"a":0,"k":[100,100],"ix":3},"r":{"a":0,"k":0,"ix":6},"o":{"a":0,"k":100,"ix":7},"sk":{"a":0,"k":0,"ix":4},"sa":{"a":0,"k":0,"ix":5},"nm":"Transform"}],"nm":"Group 2","np":2,"cix":2,"bm":0,"ix":2,"mn":"ADBE Vector Group","hd":false},{"ty":"gr","it":[{"ty":"gr","it":[{"ty":"gr","it":[{"ind":0,"ty":"sh","ix":1,"ks":{"a":0,"k":{"i":[[23.017,0],[0,-23.017],[-23.017,0],[0,23.017]],"o":[[-23.017,0],[0,23.017],[23.017,0],[0,-23.017]],"v":[[-213.23,56.38],[-254.972,98.124],[-213.23,139.866],[-171.486,98.124]],"c":true},"ix":2},"nm":"Path 1","mn":"ADBE Vector Shape - Group","hd":false},{"ind":1,"ty":"sh","ix":2,"ks":{"a":0,"k":{"i":[[37.377,0],[0,37.376],[-37.376,0],[0,-37.377]],"o":[[-37.376,0],[0,-37.377],[37.377,0],[0,37.376]],"v":[[-213.23,165.908],[-281.013,98.124],[-213.23,30.339],[-145.444,98.124]],"c":true},"ix":2},"nm":"Path 2","mn":"ADBE Vector Shape - Group","hd":false},{"ty":"gs","o":{"a":0,"k":100,"ix":9},"w":{"a":0,"k":1,"ix":10},"g":{"p":3,"k":{"a":0,"k":[0,0.988,0.89,0.553,0.556,0.971,0.739,0.429,1,0.953,0.588,0.306],"ix":8}},"s":{"a":0,"k":[-282,98],"ix":4},"e":{"a":0,"k":[-145.431,98],"ix":5},"t":1,"lc":1,"lj":1,"ml":10,"ml2":{"a":0,"k":10,"ix":13},"bm":0,"nm":"Gradient Stroke 1","mn":"ADBE Vector Graphic - G-Stroke","hd":false},{"ty":"tr","p":{"a":0,"k":[0,0],"ix":2},"a":{"a":0,"k":[0,0],"ix":1},"s":{"a":0,"k":[100,100],"ix":3},"r":{"a":0,"k":0,"ix":6},"o":{"a":0,"k":100,"ix":7},"sk":{"a":0,"k":0,"ix":4},"sa":{"a":0,"k":0,"ix":5},"nm":"Transform"}],"nm":"Group 1","np":3,"cix":2,"bm":0,"ix":1,"mn":"ADBE Vector Group","hd":false},{"ty":"tr","p":{"a":0,"k":[0,0],"ix":2},"a":{"a":0,"k":[0,0],"ix":1},"s":{"a":0,"k":[100,100],"ix":3},"r":{"a":0,"k":0,"ix":6},"o":{"a":0,"k":100,"ix":7},"sk":{"a":0,"k":0,"ix":4},"sa":{"a":0,"k":0,"ix":5},"nm":"Transform"}],"nm":"Group 1","np":1,"cix":2,"bm":0,"ix":1,"mn":"ADBE Vector Group","hd":false},{"ty":"gr","it":[{"ty":"gr","it":[{"ind":0,"ty":"sh","ix":1,"ks":{"a":0,"k":{"i":[[23.017,0],[0,-23.017],[-23.017,0],[0,23.017]],"o":[[-23.017,0],[0,23.017],[23.017,0],[0,-23.017]],"v":[[-213.23,56.38],[-254.972,98.124],[-213.23,139.866],[-171.486,98.124]],"c":true},"ix":2},"nm":"Path 1","mn":"ADBE Vector Shape - Group","hd":false},{"ind":1,"ty":"sh","ix":2,"ks":{"a":0,"k":{"i":[[37.377,0],[0,37.376],[-37.376,0],[0,-37.377]],"o":[[-37.376,0],[0,-37.377],[37.377,0],[0,37.376]],"v":[[-213.23,165.908],[-281.013,98.124],[-213.23,30.339],[-145.444,98.124]],"c":true},"ix":2},"nm":"Path 2","mn":"ADBE Vector Shape - Group","hd":false},{"ty":"gf","o":{"a":0,"k":100,"ix":10},"r":1,"bm":0,"g":{"p":3,"k":{"a":0,"k":[0,1,0.843,0.278,0.556,1,0.778,0.296,1,1,0.714,0.314],"ix":9}},"s":{"a":0,"k":[-248,39],"ix":5},"e":{"a":0,"k":[-180.229,156.383],"ix":6},"t":1,"nm":"Gradient Fill 1","mn":"ADBE Vector Graphic - G-Fill","hd":false},{"ty":"tr","p":{"a":0,"k":[0,0],"ix":2},"a":{"a":0,"k":[0,0],"ix":1},"s":{"a":0,"k":[100,100],"ix":3},"r":{"a":0,"k":0,"ix":6},"o":{"a":0,"k":100,"ix":7},"sk":{"a":0,"k":0,"ix":4},"sa":{"a":0,"k":0,"ix":5},"nm":"Transform"}],"nm":"Group 1","np":3,"cix":2,"bm":0,"ix":1,"mn":"ADBE Vector Group","hd":false},{"ty":"tr","p":{"a":0,"k":[0,0],"ix":2},"a":{"a":0,"k":[0,0],"ix":1},"s":{"a":0,"k":[100,100],"ix":3},"r":{"a":0,"k":0,"ix":6},"o":{"a":0,"k":100,"ix":7},"sk":{"a":0,"k":0,"ix":4},"sa":{"a":0,"k":0,"ix":5},"nm":"Transform"}],"nm":"Group 2","np":1,"cix":2,"bm":0,"ix":2,"mn":"ADBE Vector Group","hd":false},{"ty":"tr","p":{"a":0,"k":[0,0],"ix":2},"a":{"a":0,"k":[0,0],"ix":1},"s":{"a":0,"k":[100,100],"ix":3},"r":{"a":0,"k":0,"ix":6},"o":{"a":0,"k":100,"ix":7},"sk":{"a":0,"k":0,"ix":4},"sa":{"a":0,"k":0,"ix":5},"nm":"Transform"}],"nm":"Group 3","np":2,"cix":2,"bm":0,"ix":3,"mn":"ADBE Vector Group","hd":false}],"ip":0,"op":360,"st":0,"bm":0},{"ddd":0,"ind":5,"ty":4,"nm":"Shape Layer 3","parent":1,"td":1,"sr":1,"ks":{"o":{"a":0,"k":100,"ix":11},"r":{"a":0,"k":0,"ix":10},"p":{"a":0,"k":[52.866,96.017,0],"ix":2},"a":{"a":0,"k":[0,0,0],"ix":1},"s":{"a":0,"k":[100,100,100],"ix":6}},"ao":0,"shapes":[{"ty":"gr","it":[{"ind":0,"ty":"sh","ix":1,"ks":{"a":0,"k":{"i":[[0,0],[-2.5,4],[-9,-7],[-5,-6.5],[-2.5,8],[-4,12.5],[-5.5,-2],[-6,-1],[-1.5,6],[0,0]],"o":[[0,0],[2.5,-4],[9,7],[5,6.5],[2.5,-8],[4,-12.5],[5.5,2],[6,1],[1.5,-6],[0,0]],"v":[[-132.5,146],[-114,135],[-100,128.5],[-75.5,148.5],[-57,160],[-39.5,121],[-25.5,99],[-2.5,100],[18.5,95.5],[29.5,82.5]],"c":false},"ix":2},"nm":"Path 1","mn":"ADBE Vector Shape - Group","hd":false},{"ty":"st","c":{"a":0,"k":[0,0,0,1],"ix":3},"o":{"a":0,"k":100,"ix":4},"w":{"a":0,"k":12,"ix":5},"lc":2,"lj":1,"ml":4,"bm":0,"nm":"Stroke 1","mn":"ADBE Vector Graphic - Stroke","hd":false},{"ty":"tr","p":{"a":0,"k":[0,0],"ix":2},"a":{"a":0,"k":[0,0],"ix":1},"s":{"a":0,"k":[100,100],"ix":3},"r":{"a":0,"k":0,"ix":6},"o":{"a":0,"k":100,"ix":7},"sk":{"a":0,"k":0,"ix":4},"sa":{"a":0,"k":0,"ix":5},"nm":"Transform"}],"nm":"Shape 1","np":3,"cix":2,"bm":0,"ix":1,"mn":"ADBE Vector Group","hd":false},{"ty":"tm","s":{"a":1,"k":[{"i":{"x":[0.667],"y":[1]},"o":{"x":[0.333],"y":[0]},"t":240,"s":[0]},{"t":280,"s":[100]}],"ix":1},"e":{"a":1,"k":[{"i":{"x":[0.667],"y":[1]},"o":{"x":[0.333],"y":[0]},"t":310,"s":[0]},{"t":350,"s":[100]}],"ix":2},"o":{"a":0,"k":0,"ix":3},"m":1,"ix":2,"nm":"Trim Paths 1","mn":"ADBE Vector Filter - Trim","hd":false}],"ip":240,"op":350,"st":240,"bm":0},{"ddd":0,"ind":6,"ty":4,"nm":"Layer 11","parent":1,"tt":1,"sr":1,"ks":{"o":{"a":0,"k":100,"ix":11},"r":{"a":0,"k":0,"ix":10},"p":{"a":0,"k":[1.431,219.108,0],"ix":2},"a":{"a":0,"k":[-51.435,123.091,0],"ix":1},"s":{"a":0,"k":[100,100,100],"ix":6}},"ao":0,"shapes":[{"ty":"gr","it":[{"ind":0,"ty":"sh","ix":1,"ks":{"a":0,"k":{"i":[[0,0],[-7.926,3.009],[-5.404,-5.484],[-4.919,-5.923],[-3.264,-0.539],[-2.834,5.031],[-2.28,6.325],[-2.233,6.195],[-3.255,2.951],[-7.905,-2.319],[-2.819,-0.192],[-4.149,3.206],[-3.035,4.276]],"o":[[10,-3.283],[7.198,-2.733],[5.404,5.484],[2.113,2.544],[5.697,0.94],[3.3,-5.857],[2.233,-6.195],[1.49,-4.133],[6.104,-5.532],[2.712,0.796],[5.231,0.357],[4.149,-3.206],[0,0]],"v":[[-128.56,144.191],[-107.986,129.817],[-87.184,136.394],[-73.288,154.812],[-65.322,160.358],[-51.993,151.103],[-44.117,132.562],[-37.416,113.978],[-31.066,102.586],[-7.546,100.51],[0.7,102.398],[15.25,97.398],[25.691,85.713]],"c":false},"ix":2},"nm":"Path 1","mn":"ADBE Vector Shape - Group","hd":false},{"ty":"gs","o":{"a":0,"k":100,"ix":9},"w":{"a":0,"k":6,"ix":10},"g":{"p":3,"k":{"a":0,"k":[0,1,0.408,0.145,0.556,0.89,0.337,0.086,1,0.78,0.267,0.027],"ix":8}},"s":{"a":0,"k":[-132,123],"ix":4},"e":{"a":0,"k":[28.252,123],"ix":5},"t":1,"lc":2,"lj":1,"ml":10,"ml2":{"a":0,"k":10,"ix":13},"bm":0,"nm":"Gradient Stroke 1","mn":"ADBE Vector Graphic - G-Stroke","hd":false},{"ty":"tr","p":{"a":0,"k":[0,0],"ix":2},"a":{"a":0,"k":[0,0],"ix":1},"s":{"a":0,"k":[100,100],"ix":3},"r":{"a":0,"k":0,"ix":6},"o":{"a":0,"k":100,"ix":7},"sk":{"a":0,"k":0,"ix":4},"sa":{"a":0,"k":0,"ix":5},"nm":"Transform"}],"nm":"Group 1","np":2,"cix":2,"bm":0,"ix":1,"mn":"ADBE Vector Group","hd":false}],"ip":240,"op":350,"st":240,"bm":0},{"ddd":0,"ind":7,"ty":4,"nm":"Shape Layer 2","parent":1,"td":1,"sr":1,"ks":{"o":{"a":0,"k":100,"ix":11},"r":{"a":0,"k":0,"ix":10},"p":{"a":0,"k":[52.866,96.017,0],"ix":2},"a":{"a":0,"k":[0,0,0],"ix":1},"s":{"a":0,"k":[100,100,100],"ix":6}},"ao":0,"shapes":[{"ty":"gr","it":[{"ind":0,"ty":"sh","ix":1,"ks":{"a":0,"k":{"i":[[0,0],[-2.5,4],[-9,-7],[-5,-6.5],[-2.5,8],[-4,12.5],[-5.5,-2],[-6,-1],[-1.5,6],[0,0]],"o":[[0,0],[2.5,-4],[9,7],[5,6.5],[2.5,-8],[4,-12.5],[5.5,2],[6,1],[1.5,-6],[0,0]],"v":[[-132.5,146],[-114,135],[-100,128.5],[-75.5,148.5],[-57,160],[-39.5,121],[-25.5,99],[-2.5,100],[18.5,95.5],[29.5,82.5]],"c":false},"ix":2},"nm":"Path 1","mn":"ADBE Vector Shape - Group","hd":false},{"ty":"st","c":{"a":0,"k":[0,0,0,1],"ix":3},"o":{"a":0,"k":100,"ix":4},"w":{"a":0,"k":12,"ix":5},"lc":2,"lj":1,"ml":4,"bm":0,"nm":"Stroke 1","mn":"ADBE Vector Graphic - Stroke","hd":false},{"ty":"tr","p":{"a":0,"k":[0,0],"ix":2},"a":{"a":0,"k":[0,0],"ix":1},"s":{"a":0,"k":[100,100],"ix":3},"r":{"a":0,"k":0,"ix":6},"o":{"a":0,"k":100,"ix":7},"sk":{"a":0,"k":0,"ix":4},"sa":{"a":0,"k":0,"ix":5},"nm":"Transform"}],"nm":"Shape 1","np":3,"cix":2,"bm":0,"ix":1,"mn":"ADBE Vector Group","hd":false},{"ty":"tm","s":{"a":1,"k":[{"i":{"x":[0.667],"y":[1]},"o":{"x":[0.333],"y":[0]},"t":120,"s":[0]},{"t":160,"s":[100]}],"ix":1},"e":{"a":1,"k":[{"i":{"x":[0.667],"y":[1]},"o":{"x":[0.333],"y":[0]},"t":190,"s":[0]},{"t":230,"s":[100]}],"ix":2},"o":{"a":0,"k":0,"ix":3},"m":1,"ix":2,"nm":"Trim Paths 1","mn":"ADBE Vector Filter - Trim","hd":false}],"ip":120,"op":230,"st":120,"bm":0},{"ddd":0,"ind":8,"ty":4,"nm":"Layer 10","parent":1,"tt":1,"sr":1,"ks":{"o":{"a":0,"k":100,"ix":11},"r":{"a":0,"k":0,"ix":10},"p":{"a":0,"k":[1.431,219.108,0],"ix":2},"a":{"a":0,"k":[-51.435,123.091,0],"ix":1},"s":{"a":0,"k":[100,100,100],"ix":6}},"ao":0,"shapes":[{"ty":"gr","it":[{"ind":0,"ty":"sh","ix":1,"ks":{"a":0,"k":{"i":[[0,0],[-7.926,3.009],[-5.404,-5.484],[-4.919,-5.923],[-3.264,-0.539],[-2.834,5.031],[-2.28,6.325],[-2.233,6.195],[-3.255,2.951],[-7.905,-2.319],[-2.819,-0.192],[-4.149,3.206],[-3.035,4.276]],"o":[[10,-3.283],[7.198,-2.733],[5.404,5.484],[2.113,2.544],[5.697,0.94],[3.3,-5.857],[2.233,-6.195],[1.49,-4.133],[6.104,-5.532],[2.712,0.796],[5.231,0.357],[4.149,-3.206],[0,0]],"v":[[-128.56,144.191],[-107.986,129.817],[-87.184,136.394],[-73.288,154.812],[-65.322,160.358],[-51.993,151.103],[-44.117,132.562],[-37.416,113.978],[-31.066,102.586],[-7.546,100.51],[0.7,102.398],[15.25,97.398],[25.691,85.713]],"c":false},"ix":2},"nm":"Path 1","mn":"ADBE Vector Shape - Group","hd":false},{"ty":"gs","o":{"a":0,"k":100,"ix":9},"w":{"a":0,"k":6,"ix":10},"g":{"p":3,"k":{"a":0,"k":[0,1,0.408,0.145,0.556,0.89,0.337,0.086,1,0.78,0.267,0.027],"ix":8}},"s":{"a":0,"k":[-132,123],"ix":4},"e":{"a":0,"k":[28.252,123],"ix":5},"t":1,"lc":2,"lj":1,"ml":10,"ml2":{"a":0,"k":10,"ix":13},"bm":0,"nm":"Gradient Stroke 1","mn":"ADBE Vector Graphic - G-Stroke","hd":false},{"ty":"tr","p":{"a":0,"k":[0,0],"ix":2},"a":{"a":0,"k":[0,0],"ix":1},"s":{"a":0,"k":[100,100],"ix":3},"r":{"a":0,"k":0,"ix":6},"o":{"a":0,"k":100,"ix":7},"sk":{"a":0,"k":0,"ix":4},"sa":{"a":0,"k":0,"ix":5},"nm":"Transform"}],"nm":"Group 1","np":2,"cix":2,"bm":0,"ix":1,"mn":"ADBE Vector Group","hd":false}],"ip":120,"op":230,"st":120,"bm":0},{"ddd":0,"ind":9,"ty":4,"nm":"Shape Layer 1","parent":1,"td":1,"sr":1,"ks":{"o":{"a":0,"k":100,"ix":11},"r":{"a":0,"k":0,"ix":10},"p":{"a":0,"k":[52.866,96.017,0],"ix":2},"a":{"a":0,"k":[0,0,0],"ix":1},"s":{"a":0,"k":[100,100,100],"ix":6}},"ao":0,"shapes":[{"ty":"gr","it":[{"ind":0,"ty":"sh","ix":1,"ks":{"a":0,"k":{"i":[[0,0],[-2.5,4],[-9,-7],[-5,-6.5],[-2.5,8],[-4,12.5],[-5.5,-2],[-6,-1],[-1.5,6],[0,0]],"o":[[0,0],[2.5,-4],[9,7],[5,6.5],[2.5,-8],[4,-12.5],[5.5,2],[6,1],[1.5,-6],[0,0]],"v":[[-132.5,146],[-114,135],[-100,128.5],[-75.5,148.5],[-57,160],[-39.5,121],[-25.5,99],[-2.5,100],[18.5,95.5],[29.5,82.5]],"c":false},"ix":2},"nm":"Path 1","mn":"ADBE Vector Shape - Group","hd":false},{"ty":"st","c":{"a":0,"k":[0,0,0,1],"ix":3},"o":{"a":0,"k":100,"ix":4},"w":{"a":0,"k":12,"ix":5},"lc":2,"lj":1,"ml":4,"bm":0,"nm":"Stroke 1","mn":"ADBE Vector Graphic - Stroke","hd":false},{"ty":"tr","p":{"a":0,"k":[0,0],"ix":2},"a":{"a":0,"k":[0,0],"ix":1},"s":{"a":0,"k":[100,100],"ix":3},"r":{"a":0,"k":0,"ix":6},"o":{"a":0,"k":100,"ix":7},"sk":{"a":0,"k":0,"ix":4},"sa":{"a":0,"k":0,"ix":5},"nm":"Transform"}],"nm":"Shape 1","np":3,"cix":2,"bm":0,"ix":1,"mn":"ADBE Vector Group","hd":false},{"ty":"tm","s":{"a":1,"k":[{"i":{"x":[0.667],"y":[1]},"o":{"x":[0.333],"y":[0]},"t":0,"s":[0]},{"t":40,"s":[100]}],"ix":1},"e":{"a":1,"k":[{"i":{"x":[0.667],"y":[1]},"o":{"x":[0.333],"y":[0]},"t":70,"s":[0]},{"t":110,"s":[100]}],"ix":2},"o":{"a":0,"k":0,"ix":3},"m":1,"ix":2,"nm":"Trim Paths 1","mn":"ADBE Vector Filter - Trim","hd":false}],"ip":0,"op":110,"st":0,"bm":0},{"ddd":0,"ind":10,"ty":4,"nm":"Layer 9","parent":1,"tt":1,"sr":1,"ks":{"o":{"a":0,"k":100,"ix":11},"r":{"a":0,"k":0,"ix":10},"p":{"a":0,"k":[1.431,219.108,0],"ix":2},"a":{"a":0,"k":[-51.435,123.091,0],"ix":1},"s":{"a":0,"k":[100,100,100],"ix":6}},"ao":0,"shapes":[{"ty":"gr","it":[{"ind":0,"ty":"sh","ix":1,"ks":{"a":0,"k":{"i":[[0,0],[-7.926,3.009],[-5.404,-5.484],[-4.919,-5.923],[-3.264,-0.539],[-2.834,5.031],[-2.28,6.325],[-2.233,6.195],[-3.255,2.951],[-7.905,-2.319],[-2.819,-0.192],[-4.149,3.206],[-3.035,4.276]],"o":[[10,-3.283],[7.198,-2.733],[5.404,5.484],[2.113,2.544],[5.697,0.94],[3.3,-5.857],[2.233,-6.195],[1.49,-4.133],[6.104,-5.532],[2.712,0.796],[5.231,0.357],[4.149,-3.206],[0,0]],"v":[[-128.56,144.191],[-107.986,129.817],[-87.184,136.394],[-73.288,154.812],[-65.322,160.358],[-51.993,151.103],[-44.117,132.562],[-37.416,113.978],[-31.066,102.586],[-7.546,100.51],[0.7,102.398],[15.25,97.398],[25.691,85.713]],"c":false},"ix":2},"nm":"Path 1","mn":"ADBE Vector Shape - Group","hd":false},{"ty":"gs","o":{"a":0,"k":100,"ix":9},"w":{"a":0,"k":6,"ix":10},"g":{"p":3,"k":{"a":0,"k":[0,1,0.408,0.145,0.556,0.89,0.337,0.086,1,0.78,0.267,0.027],"ix":8}},"s":{"a":0,"k":[-132,123],"ix":4},"e":{"a":0,"k":[28.252,123],"ix":5},"t":1,"lc":2,"lj":1,"ml":10,"ml2":{"a":0,"k":10,"ix":13},"bm":0,"nm":"Gradient Stroke 1","mn":"ADBE Vector Graphic - G-Stroke","hd":false},{"ty":"tr","p":{"a":0,"k":[0,0],"ix":2},"a":{"a":0,"k":[0,0],"ix":1},"s":{"a":0,"k":[100,100],"ix":3},"r":{"a":0,"k":0,"ix":6},"o":{"a":0,"k":100,"ix":7},"sk":{"a":0,"k":0,"ix":4},"sa":{"a":0,"k":0,"ix":5},"nm":"Transform"}],"nm":"Group 1","np":2,"cix":2,"bm":0,"ix":1,"mn":"ADBE Vector Group","hd":false}],"ip":0,"op":110,"st":0,"bm":0},{"ddd":0,"ind":11,"ty":4,"nm":"Layer 8","parent":1,"sr":1,"ks":{"o":{"a":0,"k":100,"ix":11},"r":{"a":0,"k":0,"ix":10},"p":{"a":0,"k":[113.057,233.578,0],"ix":2},"a":{"a":0,"k":[60.191,137.561,0],"ix":1},"s":{"a":1,"k":[{"i":{"x":[0.33,0.33,0.33],"y":[1,1,1]},"o":{"x":[0.167,0.167,0.167],"y":[0,0,0]},"t":10.322,"s":[0,0,100]},{"i":{"x":[0.33,0.33,0.33],"y":[1,1,1]},"o":{"x":[0.163,0.163,0.163],"y":[0,0,0]},"t":51.613,"s":[100,100,100]},{"i":{"x":[0.833,0.833,0.833],"y":[1,1,1]},"o":{"x":[0.67,0.67,0.67],"y":[0,0,0]},"t":103.227,"s":[100,100,100]},{"i":{"x":[0.33,0.33,0.33],"y":[1,1,1]},"o":{"x":[0.198,0.198,0.198],"y":[0,0,0]},"t":144.516,"s":[0,0,100]},{"i":{"x":[0.33,0.33,0.33],"y":[1,1,1]},"o":{"x":[0.167,0.167,0.167],"y":[0,0,0]},"t":185.807,"s":[0,0,100]},{"i":{"x":[0.33,0.33,0.33],"y":[1,1,1]},"o":{"x":[0.163,0.163,0.163],"y":[0,0,0]},"t":227.098,"s":[100,100,100]},{"i":{"x":[0.833,0.833,0.833],"y":[1,1,1]},"o":{"x":[0.67,0.67,0.67],"y":[0,0,0]},"t":278.709,"s":[100,100,100]},{"t":320,"s":[0,0,100]}],"ix":6}},"ao":0,"shapes":[{"ty":"gr","it":[{"ind":0,"ty":"sh","ix":1,"ks":{"a":0,"k":{"i":[[0,0]],"o":[[0,0]],"v":[[72.813,150.19]],"c":false},"ix":2},"nm":"Path 1","mn":"ADBE Vector Shape - Group","hd":false},{"ty":"gf","o":{"a":0,"k":100,"ix":10},"r":1,"bm":0,"g":{"p":3,"k":{"a":0,"k":[0,0.322,0.816,0.667,0.556,0.218,0.757,0.606,1,0.114,0.698,0.545],"ix":9}},"s":{"a":0,"k":[72,150],"ix":5},"e":{"a":0,"k":[72,150],"ix":6},"t":1,"nm":"Gradient Fill 1","mn":"ADBE Vector Graphic - G-Fill","hd":false},{"ty":"tr","p":{"a":0,"k":[0,0],"ix":2},"a":{"a":0,"k":[0,0],"ix":1},"s":{"a":0,"k":[100,100],"ix":3},"r":{"a":0,"k":0,"ix":6},"o":{"a":0,"k":100,"ix":7},"sk":{"a":0,"k":0,"ix":4},"sa":{"a":0,"k":0,"ix":5},"nm":"Transform"}],"nm":"Group 1","np":2,"cix":2,"bm":0,"ix":1,"mn":"ADBE Vector Group","hd":false},{"ty":"gr","it":[{"ind":0,"ty":"sh","ix":1,"ks":{"a":0,"k":{"i":[[0,0],[0,-2.32],[-2.32,0],[0,2.319],[2.319,0]],"o":[[-2.32,0],[0,2.319],[2.319,0],[0,-2.32],[0,0]],"v":[[72.813,150.19],[68.628,154.4],[72.813,158.61],[77.023,154.4],[72.813,150.19]],"c":true},"ix":2},"nm":"Path 1","mn":"ADBE Vector Shape - Group","hd":false},{"ty":"gf","o":{"a":0,"k":100,"ix":10},"r":1,"bm":0,"g":{"p":3,"k":{"a":0,"k":[0,0.322,0.816,0.667,0.556,0.218,0.757,0.606,1,0.114,0.698,0.545],"ix":9}},"s":{"a":0,"k":[68,154],"ix":5},"e":{"a":0,"k":[76.395,154],"ix":6},"t":1,"nm":"Gradient Fill 1","mn":"ADBE Vector Graphic - G-Fill","hd":false},{"ty":"tr","p":{"a":0,"k":[0,0],"ix":2},"a":{"a":0,"k":[0,0],"ix":1},"s":{"a":0,"k":[100,100],"ix":3},"r":{"a":0,"k":0,"ix":6},"o":{"a":0,"k":100,"ix":7},"sk":{"a":0,"k":0,"ix":4},"sa":{"a":0,"k":0,"ix":5},"nm":"Transform"}],"nm":"Group 2","np":2,"cix":2,"bm":0,"ix":2,"mn":"ADBE Vector Group","hd":false},{"ty":"gr","it":[{"ind":0,"ty":"sh","ix":1,"ks":{"a":0,"k":{"i":[[0,0],[-1.16,0],[0,0],[0,0],[0,0],[-3.199,0],[0,0],[0,1.16],[1.16,0],[0,0],[0,0],[0,0],[-0.716,1.307],[0,0],[1.595,0],[0,0],[0,0],[0.798,0],[0,0],[0,-1.16]],"o":[[0,1.16],[0,0],[0,0],[0,0],[-1.537,2.821],[0,0],[1.16,0],[0,-1.16],[0,0],[0,0],[0,0],[1.579,0],[0,0],[0.781,-1.389],[0,0],[0,0],[-0.337,-0.739],[0,0],[-1.16,0],[0,0]],"v":[[39.135,118.617],[41.24,120.722],[43.345,120.722],[50.926,136.698],[48.081,141.836],[51.764,148.086],[74.918,148.086],[77.023,145.981],[74.918,143.876],[51.764,143.876],[54.084,139.666],[69.763,139.666],[73.447,137.496],[80.978,123.837],[79.153,120.722],[47.999,120.722],[46.584,117.712],[44.694,116.512],[41.24,116.512],[39.135,118.617]],"c":true},"ix":2},"nm":"Path 1","mn":"ADBE Vector Shape - Group","hd":false},{"ty":"gf","o":{"a":0,"k":100,"ix":10},"r":1,"bm":0,"g":{"p":3,"k":{"a":0,"k":[0,0.322,0.816,0.667,0.556,0.218,0.757,0.606,1,0.114,0.698,0.545],"ix":9}},"s":{"a":0,"k":[39,132],"ix":5},"e":{"a":0,"k":[81.112,132],"ix":6},"t":1,"nm":"Gradient Fill 1","mn":"ADBE Vector Graphic - G-Fill","hd":false},{"ty":"tr","p":{"a":0,"k":[0,0],"ix":2},"a":{"a":0,"k":[0,0],"ix":1},"s":{"a":0,"k":[100,100],"ix":3},"r":{"a":0,"k":0,"ix":6},"o":{"a":0,"k":100,"ix":7},"sk":{"a":0,"k":0,"ix":4},"sa":{"a":0,"k":0,"ix":5},"nm":"Transform"}],"nm":"Group 3","np":2,"cix":2,"bm":0,"ix":3,"mn":"ADBE Vector Group","hd":false},{"ty":"gr","it":[{"ind":0,"ty":"sh","ix":1,"ks":{"a":0,"k":{"i":[[0,0],[0,-2.32],[-2.319,0],[0,2.319],[2.32,0]],"o":[[-2.319,0],[0,2.319],[2.32,0],[0,-2.32],[0,0]],"v":[[51.764,150.19],[47.58,154.4],[51.764,158.61],[55.974,154.4],[51.764,150.19]],"c":true},"ix":2},"nm":"Path 1","mn":"ADBE Vector Shape - Group","hd":false},{"ty":"gf","o":{"a":0,"k":100,"ix":10},"r":1,"bm":0,"g":{"p":3,"k":{"a":0,"k":[0,0.322,0.816,0.667,0.556,0.218,0.757,0.606,1,0.114,0.698,0.545],"ix":9}},"s":{"a":0,"k":[47,154],"ix":5},"e":{"a":0,"k":[55.394,154],"ix":6},"t":1,"nm":"Gradient Fill 1","mn":"ADBE Vector Graphic - G-Fill","hd":false},{"ty":"tr","p":{"a":0,"k":[0,0],"ix":2},"a":{"a":0,"k":[0,0],"ix":1},"s":{"a":0,"k":[100,100],"ix":3},"r":{"a":0,"k":0,"ix":6},"o":{"a":0,"k":100,"ix":7},"sk":{"a":0,"k":0,"ix":4},"sa":{"a":0,"k":0,"ix":5},"nm":"Transform"}],"nm":"Group 4","np":2,"cix":2,"bm":0,"ix":4,"mn":"ADBE Vector Group","hd":false}],"ip":0,"op":360,"st":0,"bm":0},{"ddd":0,"ind":12,"ty":4,"nm":"Layer 6","parent":1,"sr":1,"ks":{"o":{"a":0,"k":100,"ix":11},"r":{"a":0,"k":0,"ix":10},"p":{"a":0,"k":[91.573,102.596,0],"ix":2},"a":{"a":0,"k":[38.707,6.579,0],"ix":1},"s":{"a":1,"k":[{"i":{"x":[0.33,0.33,0.33],"y":[1,1,1]},"o":{"x":[0.167,0.167,0.167],"y":[0,0,0]},"t":0,"s":[0,0,100]},{"i":{"x":[0.33,0.33,0.33],"y":[1,1,1]},"o":{"x":[0.163,0.163,0.163],"y":[0,0,0]},"t":41.291,"s":[100,100,100]},{"i":{"x":[0.833,0.833,0.833],"y":[1,1,1]},"o":{"x":[0.67,0.67,0.67],"y":[0,0,0]},"t":92.902,"s":[100,100,100]},{"i":{"x":[0.33,0.33,0.33],"y":[1,1,1]},"o":{"x":[0.198,0.198,0.198],"y":[0,0,0]},"t":134.193,"s":[0,0,100]},{"i":{"x":[0.33,0.33,0.33],"y":[1,1,1]},"o":{"x":[0.167,0.167,0.167],"y":[0,0,0]},"t":175.484,"s":[0,0,100]},{"i":{"x":[0.33,0.33,0.33],"y":[1,1,1]},"o":{"x":[0.163,0.163,0.163],"y":[0,0,0]},"t":216.773,"s":[100,100,100]},{"i":{"x":[0.833,0.833,0.833],"y":[1,1,1]},"o":{"x":[0.67,0.67,0.67],"y":[0,0,0]},"t":268.387,"s":[100,100,100]},{"t":309.677734375,"s":[0,0,100]}],"ix":6}},"ao":0,"shapes":[{"ty":"gr","it":[{"ty":"gr","it":[{"ind":0,"ty":"sh","ix":1,"ks":{"a":0,"k":{"i":[[6.569,0],[0,-6.568],[0,0],[0,0],[0,0]],"o":[[-6.568,0],[0,0],[0,0],[0,0],[0,-6.568]],"v":[[38.706,9.501],[18.982,19.363],[18.982,24.294],[58.432,24.294],[58.432,19.363]],"c":true},"ix":2},"nm":"Path 1","mn":"ADBE Vector Shape - Group","hd":false},{"ty":"gf","o":{"a":0,"k":100,"ix":10},"r":1,"bm":0,"g":{"p":3,"k":{"a":0,"k":[0,1,1,1,0.556,0.885,0.885,0.885,1,0.77,0.77,0.77],"ix":9}},"s":{"a":0,"k":[46,15],"ix":5},"e":{"a":0,"k":[60.896,15],"ix":6},"t":2,"h":{"a":0,"k":0,"ix":7},"a":{"a":0,"k":0,"ix":8},"nm":"Gradient Fill 1","mn":"ADBE Vector Graphic - G-Fill","hd":false},{"ty":"tr","p":{"a":0,"k":[0,0],"ix":2},"a":{"a":0,"k":[0,0],"ix":1},"s":{"a":0,"k":[100,100],"ix":3},"r":{"a":0,"k":0,"ix":6},"o":{"a":0,"k":100,"ix":7},"sk":{"a":0,"k":0,"ix":4},"sa":{"a":0,"k":0,"ix":5},"nm":"Transform"}],"nm":"Group 1","np":2,"cix":2,"bm":0,"ix":1,"mn":"ADBE Vector Group","hd":false},{"ty":"gr","it":[{"ind":0,"ty":"sh","ix":1,"ks":{"a":0,"k":{"i":[[-5.451,0],[0,5.437],[5.452,0],[0,-5.451]],"o":[[5.452,0],[0,-5.451],[-5.451,0],[0,5.437]],"v":[[38.706,4.569],[48.569,-5.294],[38.706,-15.156],[28.844,-5.294]],"c":true},"ix":2},"nm":"Path 1","mn":"ADBE Vector Shape - Group","hd":false},{"ty":"gf","o":{"a":0,"k":100,"ix":10},"r":1,"bm":0,"g":{"p":3,"k":{"a":0,"k":[0,1,1,1,0.556,0.885,0.885,0.885,1,0.77,0.77,0.77],"ix":9}},"s":{"a":0,"k":[41,-9],"ix":5},"e":{"a":0,"k":[50.862,-9],"ix":6},"t":2,"h":{"a":0,"k":0,"ix":7},"a":{"a":0,"k":0,"ix":8},"nm":"Gradient Fill 1","mn":"ADBE Vector Graphic - G-Fill","hd":false},{"ty":"tr","p":{"a":0,"k":[0,0],"ix":2},"a":{"a":0,"k":[0,0],"ix":1},"s":{"a":0,"k":[100,100],"ix":3},"r":{"a":0,"k":0,"ix":6},"o":{"a":0,"k":100,"ix":7},"sk":{"a":0,"k":0,"ix":4},"sa":{"a":0,"k":0,"ix":5},"nm":"Transform"}],"nm":"Group 2","np":2,"cix":2,"bm":0,"ix":2,"mn":"ADBE Vector Group","hd":false},{"ty":"tr","p":{"a":0,"k":[0,0],"ix":2},"a":{"a":0,"k":[0,0],"ix":1},"s":{"a":0,"k":[100,100],"ix":3},"r":{"a":0,"k":0,"ix":6},"o":{"a":0,"k":100,"ix":7},"sk":{"a":0,"k":0,"ix":4},"sa":{"a":0,"k":0,"ix":5},"nm":"Transform"}],"nm":"Group 1","np":2,"cix":2,"bm":0,"ix":1,"mn":"ADBE Vector Group","hd":false},{"ty":"gr","it":[{"ty":"gr","it":[{"ind":0,"ty":"sh","ix":1,"ks":{"a":0,"k":{"i":[[0,-24.21],[24.21,0],[0,24.21],[-24.21,0]],"o":[[0,24.21],[-24.21,0],[0,-24.21],[24.21,0]],"v":[[82.542,6.578],[38.707,50.414],[-5.129,6.578],[38.707,-37.257]],"c":true},"ix":2},"nm":"Path 1","mn":"ADBE Vector Shape - Group","hd":false},{"ty":"gs","o":{"a":0,"k":100,"ix":9},"w":{"a":0,"k":2,"ix":10},"g":{"p":3,"k":{"a":0,"k":[0,1,0.478,0.263,0.556,0.853,0.361,0.147,1,0.706,0.243,0.031],"ix":8}},"s":{"a":0,"k":[-7,6],"ix":4},"e":{"a":0,"k":[82.672,6],"ix":5},"t":1,"lc":1,"lj":1,"ml":10,"ml2":{"a":0,"k":10,"ix":13},"bm":0,"nm":"Gradient Stroke 1","mn":"ADBE Vector Graphic - G-Stroke","hd":false},{"ty":"tr","p":{"a":0,"k":[0,0],"ix":2},"a":{"a":0,"k":[0,0],"ix":1},"s":{"a":0,"k":[100,100],"ix":3},"r":{"a":0,"k":0,"ix":6},"o":{"a":0,"k":100,"ix":7},"sk":{"a":0,"k":0,"ix":4},"sa":{"a":0,"k":0,"ix":5},"nm":"Transform"}],"nm":"Group 1","np":2,"cix":2,"bm":0,"ix":1,"mn":"ADBE Vector Group","hd":false},{"ty":"gr","it":[{"ind":0,"ty":"sh","ix":1,"ks":{"a":0,"k":{"i":[[0,-24.21],[24.21,0],[0,24.21],[-24.21,0]],"o":[[0,24.21],[-24.21,0],[0,-24.21],[24.21,0]],"v":[[82.542,6.578],[38.707,50.414],[-5.129,6.578],[38.707,-37.257]],"c":true},"ix":2},"nm":"Path 1","mn":"ADBE Vector Shape - Group","hd":false},{"ty":"gf","o":{"a":0,"k":100,"ix":10},"r":1,"bm":0,"g":{"p":3,"k":{"a":0,"k":[0,1,0.333,0.008,0.556,0.922,0.31,0.018,1,0.843,0.286,0.027],"ix":9}},"s":{"a":0,"k":[-6,6],"ix":5},"e":{"a":0,"k":[81.672,6],"ix":6},"t":1,"nm":"Gradient Fill 1","mn":"ADBE Vector Graphic - G-Fill","hd":false},{"ty":"tr","p":{"a":0,"k":[0,0],"ix":2},"a":{"a":0,"k":[0,0],"ix":1},"s":{"a":0,"k":[100,100],"ix":3},"r":{"a":0,"k":0,"ix":6},"o":{"a":0,"k":100,"ix":7},"sk":{"a":0,"k":0,"ix":4},"sa":{"a":0,"k":0,"ix":5},"nm":"Transform"}],"nm":"Group 2","np":2,"cix":2,"bm":0,"ix":2,"mn":"ADBE Vector Group","hd":false},{"ty":"tr","p":{"a":0,"k":[0,0],"ix":2},"a":{"a":0,"k":[0,0],"ix":1},"s":{"a":0,"k":[100,100],"ix":3},"r":{"a":0,"k":0,"ix":6},"o":{"a":0,"k":100,"ix":7},"sk":{"a":0,"k":0,"ix":4},"sa":{"a":0,"k":0,"ix":5},"nm":"Transform"}],"nm":"Group 2","np":2,"cix":2,"bm":0,"ix":2,"mn":"ADBE Vector Group","hd":false}],"ip":0,"op":360,"st":0,"bm":0},{"ddd":0,"ind":13,"ty":4,"nm":"Layer 7","parent":1,"sr":1,"ks":{"o":{"a":0,"k":100,"ix":11},"r":{"a":0,"k":0,"ix":10},"p":{"a":0,"k":[60.838,233.579,0],"ix":2},"a":{"a":0,"k":[7.972,137.561,0],"ix":1},"s":{"a":0,"k":[100,100,100],"ix":6}},"ao":0,"shapes":[{"ty":"gr","it":[{"ty":"gr","it":[{"ind":0,"ty":"sh","ix":1,"ks":{"a":0,"k":{"i":[[2.565,0],[0,0],[0,2.565],[0,0],[-2.565,0],[0,0],[0,-2.565],[0,0]],"o":[[0,0],[-2.565,0],[0,0],[0,-2.565],[0,0],[2.565,0],[0,0],[0,2.565]],"v":[[-8.084,180.378],[-84.43,180.378],[-89.074,175.734],[-89.074,99.388],[-84.43,94.744],[-8.084,94.744],[-3.44,99.388],[-3.44,175.734]],"c":true},"ix":2},"nm":"Path 1","mn":"ADBE Vector Shape - Group","hd":false},{"ty":"gs","o":{"a":0,"k":100,"ix":9},"w":{"a":0,"k":1,"ix":10},"g":{"p":3,"k":{"a":0,"k":[0,1,1,1,0.556,0.735,0.873,0.829,1,0.471,0.745,0.659],"ix":8}},"s":{"a":0,"k":[-90,137],"ix":4},"e":{"a":0,"k":[-3.366,137],"ix":5},"t":1,"lc":1,"lj":1,"ml":10,"ml2":{"a":0,"k":10,"ix":13},"bm":0,"nm":"Gradient Stroke 1","mn":"ADBE Vector Graphic - G-Stroke","hd":false},{"ty":"tr","p":{"a":0,"k":[0,0],"ix":2},"a":{"a":0,"k":[0,0],"ix":1},"s":{"a":0,"k":[100,100],"ix":3},"r":{"a":0,"k":0,"ix":6},"o":{"a":0,"k":100,"ix":7},"sk":{"a":0,"k":0,"ix":4},"sa":{"a":0,"k":0,"ix":5},"nm":"Transform"}],"nm":"Group 1","np":2,"cix":2,"bm":0,"ix":1,"mn":"ADBE Vector Group","hd":false},{"ty":"gr","it":[{"ind":0,"ty":"sh","ix":1,"ks":{"a":0,"k":{"i":[[2.565,0],[0,0],[0,2.565],[0,0],[-2.565,0],[0,0],[0,-2.565],[0,0]],"o":[[0,0],[-2.565,0],[0,0],[0,-2.565],[0,0],[2.565,0],[0,0],[0,2.565]],"v":[[-8.084,180.378],[-84.43,180.378],[-89.074,175.734],[-89.074,99.388],[-84.43,94.744],[-8.084,94.744],[-3.44,99.388],[-3.44,175.734]],"c":true},"ix":2},"nm":"Path 1","mn":"ADBE Vector Shape - Group","hd":false},{"ty":"gf","o":{"a":0,"k":100,"ix":10},"r":1,"bm":0,"g":{"p":3,"k":{"a":0,"k":[0,0.902,0.988,0.929,0.556,0.81,0.939,0.882,1,0.718,0.89,0.835],"ix":9}},"s":{"a":0,"k":[-90,137],"ix":5},"e":{"a":0,"k":[-4.366,137],"ix":6},"t":1,"nm":"Gradient Fill 1","mn":"ADBE Vector Graphic - G-Fill","hd":false},{"ty":"tr","p":{"a":0,"k":[0,0],"ix":2},"a":{"a":0,"k":[0,0],"ix":1},"s":{"a":0,"k":[100,100],"ix":3},"r":{"a":0,"k":0,"ix":6},"o":{"a":0,"k":100,"ix":7},"sk":{"a":0,"k":0,"ix":4},"sa":{"a":0,"k":0,"ix":5},"nm":"Transform"}],"nm":"Group 2","np":2,"cix":2,"bm":0,"ix":2,"mn":"ADBE Vector Group","hd":false},{"ty":"tr","p":{"a":0,"k":[0,0],"ix":2},"a":{"a":0,"k":[0,0],"ix":1},"s":{"a":0,"k":[100,100],"ix":3},"r":{"a":0,"k":0,"ix":6},"o":{"a":0,"k":100,"ix":7},"sk":{"a":0,"k":0,"ix":4},"sa":{"a":0,"k":0,"ix":5},"nm":"Transform"}],"nm":"Group 1","np":2,"cix":2,"bm":0,"ix":1,"mn":"ADBE Vector Group","hd":false},{"ty":"gr","it":[{"ty":"gr","it":[{"ind":0,"ty":"sh","ix":1,"ks":{"a":0,"k":{"i":[[2.565,0],[0,0],[0,2.565],[0,0],[-2.565,0],[0,0],[0,-2.565],[0,0]],"o":[[0,0],[-2.565,0],[0,0],[0,-2.565],[0,0],[2.565,0],[0,0],[0,2.565]],"v":[[100.373,180.378],[24.027,180.378],[19.383,175.734],[19.383,99.388],[24.027,94.744],[100.373,94.744],[105.017,99.388],[105.017,175.734]],"c":true},"ix":2},"nm":"Path 1","mn":"ADBE Vector Shape - Group","hd":false},{"ty":"gs","o":{"a":0,"k":100,"ix":9},"w":{"a":0,"k":1,"ix":10},"g":{"p":3,"k":{"a":0,"k":[0,1,1,1,0.556,0.735,0.873,0.829,1,0.471,0.745,0.659],"ix":8}},"s":{"a":0,"k":[18,137],"ix":4},"e":{"a":0,"k":[104.634,137],"ix":5},"t":1,"lc":1,"lj":1,"ml":10,"ml2":{"a":0,"k":10,"ix":13},"bm":0,"nm":"Gradient Stroke 1","mn":"ADBE Vector Graphic - G-Stroke","hd":false},{"ty":"tr","p":{"a":0,"k":[0,0],"ix":2},"a":{"a":0,"k":[0,0],"ix":1},"s":{"a":0,"k":[100,100],"ix":3},"r":{"a":0,"k":0,"ix":6},"o":{"a":0,"k":100,"ix":7},"sk":{"a":0,"k":0,"ix":4},"sa":{"a":0,"k":0,"ix":5},"nm":"Transform"}],"nm":"Group 1","np":2,"cix":2,"bm":0,"ix":1,"mn":"ADBE Vector Group","hd":false},{"ty":"gr","it":[{"ind":0,"ty":"sh","ix":1,"ks":{"a":0,"k":{"i":[[2.565,0],[0,0],[0,2.565],[0,0],[-2.565,0],[0,0],[0,-2.565],[0,0]],"o":[[0,0],[-2.565,0],[0,0],[0,-2.565],[0,0],[2.565,0],[0,0],[0,2.565]],"v":[[100.373,180.378],[24.027,180.378],[19.383,175.734],[19.383,99.388],[24.027,94.744],[100.373,94.744],[105.017,99.388],[105.017,175.734]],"c":true},"ix":2},"nm":"Path 1","mn":"ADBE Vector Shape - Group","hd":false},{"ty":"gf","o":{"a":0,"k":100,"ix":10},"r":1,"bm":0,"g":{"p":3,"k":{"a":0,"k":[0,0.902,0.988,0.929,0.556,0.81,0.939,0.882,1,0.718,0.89,0.835],"ix":9}},"s":{"a":0,"k":[19,137],"ix":5},"e":{"a":0,"k":[104.634,137],"ix":6},"t":1,"nm":"Gradient Fill 1","mn":"ADBE Vector Graphic - G-Fill","hd":false},{"ty":"tr","p":{"a":0,"k":[0,0],"ix":2},"a":{"a":0,"k":[0,0],"ix":1},"s":{"a":0,"k":[100,100],"ix":3},"r":{"a":0,"k":0,"ix":6},"o":{"a":0,"k":100,"ix":7},"sk":{"a":0,"k":0,"ix":4},"sa":{"a":0,"k":0,"ix":5},"nm":"Transform"}],"nm":"Group 2","np":2,"cix":2,"bm":0,"ix":2,"mn":"ADBE Vector Group","hd":false},{"ty":"tr","p":{"a":0,"k":[0,0],"ix":2},"a":{"a":0,"k":[0,0],"ix":1},"s":{"a":0,"k":[100,100],"ix":3},"r":{"a":0,"k":0,"ix":6},"o":{"a":0,"k":100,"ix":7},"sk":{"a":0,"k":0,"ix":4},"sa":{"a":0,"k":0,"ix":5},"nm":"Transform"}],"nm":"Group 2","np":2,"cix":2,"bm":0,"ix":2,"mn":"ADBE Vector Group","hd":false}],"ip":0,"op":360,"st":0,"bm":0},{"ddd":0,"ind":14,"ty":4,"nm":"Layer 5","parent":1,"sr":1,"ks":{"o":{"a":0,"k":100,"ix":11},"r":{"a":0,"k":0,"ix":10},"p":{"a":0,"k":[60.838,102.596,0],"ix":2},"a":{"a":0,"k":[7.972,6.579,0],"ix":1},"s":{"a":0,"k":[100,100,100],"ix":6}},"ao":0,"shapes":[{"ty":"gr","it":[{"ty":"gr","it":[{"ind":0,"ty":"sh","ix":1,"ks":{"a":0,"k":{"i":[[3.057,0],[0,0],[0,3.057],[0,0],[-3.057,0],[0,0],[0,-3.057],[0,0]],"o":[[0,0],[-3.057,0],[0,0],[0,-3.057],[0,0],[3.057,0],[0,0],[0,3.057]],"v":[[-33.473,41.864],[-62.919,41.864],[-68.455,36.328],[-68.455,36.328],[-62.919,30.792],[-33.473,30.792],[-27.937,36.328],[-27.937,36.328]],"c":true},"ix":2},"nm":"Path 1","mn":"ADBE Vector Shape - Group","hd":false},{"ty":"gs","o":{"a":0,"k":100,"ix":9},"w":{"a":0,"k":1,"ix":10},"g":{"p":3,"k":{"a":0,"k":[0,0.38,0.961,0.788,0.556,0.245,0.778,0.627,1,0.11,0.596,0.467],"ix":8}},"s":{"a":0,"k":[-69,36],"ix":4},"e":{"a":0,"k":[-27.482,36],"ix":5},"t":1,"lc":1,"lj":1,"ml":10,"ml2":{"a":0,"k":10,"ix":13},"bm":0,"nm":"Gradient Stroke 1","mn":"ADBE Vector Graphic - G-Stroke","hd":false},{"ty":"tr","p":{"a":0,"k":[0,0],"ix":2},"a":{"a":0,"k":[0,0],"ix":1},"s":{"a":0,"k":[100,100],"ix":3},"r":{"a":0,"k":0,"ix":6},"o":{"a":0,"k":100,"ix":7},"sk":{"a":0,"k":0,"ix":4},"sa":{"a":0,"k":0,"ix":5},"nm":"Transform"}],"nm":"Group 1","np":2,"cix":2,"bm":0,"ix":1,"mn":"ADBE Vector Group","hd":false},{"ty":"gr","it":[{"ind":0,"ty":"sh","ix":1,"ks":{"a":0,"k":{"i":[[3.057,0],[0,0],[0,3.057],[0,0],[-3.057,0],[0,0],[0,-3.057],[0,0]],"o":[[0,0],[-3.057,0],[0,0],[0,-3.057],[0,0],[3.057,0],[0,0],[0,3.057]],"v":[[-33.473,41.864],[-62.919,41.864],[-68.455,36.328],[-68.455,36.328],[-62.919,30.792],[-33.473,30.792],[-27.937,36.328],[-27.937,36.328]],"c":true},"ix":2},"nm":"Path 1","mn":"ADBE Vector Shape - Group","hd":false},{"ty":"gf","o":{"a":0,"k":100,"ix":10},"r":1,"bm":0,"g":{"p":3,"k":{"a":0,"k":[0,0.322,0.816,0.667,0.556,0.218,0.757,0.606,1,0.114,0.698,0.545],"ix":9}},"s":{"a":0,"k":[-69,36],"ix":5},"e":{"a":0,"k":[-28.482,36],"ix":6},"t":1,"nm":"Gradient Fill 1","mn":"ADBE Vector Graphic - G-Fill","hd":false},{"ty":"tr","p":{"a":0,"k":[0,0],"ix":2},"a":{"a":0,"k":[0,0],"ix":1},"s":{"a":0,"k":[100,100],"ix":3},"r":{"a":0,"k":0,"ix":6},"o":{"a":0,"k":100,"ix":7},"sk":{"a":0,"k":0,"ix":4},"sa":{"a":0,"k":0,"ix":5},"nm":"Transform"}],"nm":"Group 2","np":2,"cix":2,"bm":0,"ix":2,"mn":"ADBE Vector Group","hd":false},{"ty":"tr","p":{"a":0,"k":[0,0],"ix":2},"a":{"a":0,"k":[0,0],"ix":1},"s":{"a":0,"k":[100,100],"ix":3},"r":{"a":0,"k":0,"ix":6},"o":{"a":0,"k":100,"ix":7},"sk":{"a":0,"k":0,"ix":4},"sa":{"a":0,"k":0,"ix":5},"nm":"Transform"}],"nm":"Group 1","np":2,"cix":2,"bm":0,"ix":1,"mn":"ADBE Vector Group","hd":false},{"ty":"gr","it":[{"ty":"gr","it":[{"ind":0,"ty":"sh","ix":1,"ks":{"a":0,"k":{"i":[[2.605,0],[0,0],[0,2.605],[0,0],[-2.605,0],[0,0],[0,-2.605],[0,0]],"o":[[0,0],[-2.605,0],[0,0],[0,-2.605],[0,0],[2.605,0],[0,0],[0,2.605]],"v":[[100.301,73.495],[-84.358,73.495],[-89.074,68.779],[-89.074,-55.622],[-84.358,-60.338],[100.301,-60.338],[105.017,-55.622],[105.017,68.779]],"c":true},"ix":2},"nm":"Path 1","mn":"ADBE Vector Shape - Group","hd":false},{"ty":"gs","o":{"a":0,"k":100,"ix":9},"w":{"a":0,"k":1,"ix":10},"g":{"p":3,"k":{"a":0,"k":[0,1,1,1,0.556,0.735,0.873,0.829,1,0.471,0.745,0.659],"ix":8}},"s":{"a":0,"k":[-90,6],"ix":4},"e":{"a":0,"k":[105.091,6],"ix":5},"t":1,"lc":1,"lj":1,"ml":10,"ml2":{"a":0,"k":10,"ix":13},"bm":0,"nm":"Gradient Stroke 1","mn":"ADBE Vector Graphic - G-Stroke","hd":false},{"ty":"tr","p":{"a":0,"k":[0,0],"ix":2},"a":{"a":0,"k":[0,0],"ix":1},"s":{"a":0,"k":[100,100],"ix":3},"r":{"a":0,"k":0,"ix":6},"o":{"a":0,"k":100,"ix":7},"sk":{"a":0,"k":0,"ix":4},"sa":{"a":0,"k":0,"ix":5},"nm":"Transform"}],"nm":"Group 1","np":2,"cix":2,"bm":0,"ix":1,"mn":"ADBE Vector Group","hd":false},{"ty":"gr","it":[{"ind":0,"ty":"sh","ix":1,"ks":{"a":0,"k":{"i":[[2.605,0],[0,0],[0,2.605],[0,0],[-2.605,0],[0,0],[0,-2.605],[0,0]],"o":[[0,0],[-2.605,0],[0,0],[0,-2.605],[0,0],[2.605,0],[0,0],[0,2.605]],"v":[[100.301,73.495],[-84.358,73.495],[-89.074,68.779],[-89.074,-55.622],[-84.358,-60.338],[100.301,-60.338],[105.017,-55.622],[105.017,68.779]],"c":true},"ix":2},"nm":"Path 1","mn":"ADBE Vector Shape - Group","hd":false},{"ty":"gf","o":{"a":0,"k":100,"ix":10},"r":1,"bm":0,"g":{"p":3,"k":{"a":0,"k":[0,0.902,0.988,0.929,0.556,0.81,0.939,0.882,1,0.718,0.89,0.835],"ix":9}},"s":{"a":0,"k":[-90,6],"ix":5},"e":{"a":0,"k":[104.091,6],"ix":6},"t":1,"nm":"Gradient Fill 1","mn":"ADBE Vector Graphic - G-Fill","hd":false},{"ty":"tr","p":{"a":0,"k":[0,0],"ix":2},"a":{"a":0,"k":[0,0],"ix":1},"s":{"a":0,"k":[100,100],"ix":3},"r":{"a":0,"k":0,"ix":6},"o":{"a":0,"k":100,"ix":7},"sk":{"a":0,"k":0,"ix":4},"sa":{"a":0,"k":0,"ix":5},"nm":"Transform"}],"nm":"Group 2","np":2,"cix":2,"bm":0,"ix":2,"mn":"ADBE Vector Group","hd":false},{"ty":"tr","p":{"a":0,"k":[0,0],"ix":2},"a":{"a":0,"k":[0,0],"ix":1},"s":{"a":0,"k":[100,100],"ix":3},"r":{"a":0,"k":0,"ix":6},"o":{"a":0,"k":100,"ix":7},"sk":{"a":0,"k":0,"ix":4},"sa":{"a":0,"k":0,"ix":5},"nm":"Transform"}],"nm":"Group 2","np":2,"cix":2,"bm":0,"ix":2,"mn":"ADBE Vector Group","hd":false}],"ip":0,"op":360,"st":0,"bm":0},{"ddd":0,"ind":15,"ty":4,"nm":"Layer 4","parent":1,"sr":1,"ks":{"o":{"a":0,"k":100,"ix":11},"r":{"a":0,"k":0,"ix":10},"p":{"a":0,"k":[52.866,96.017,0],"ix":2},"a":{"a":0,"k":[0,0,0],"ix":1},"s":{"a":0,"k":[100,100,100],"ix":6}},"ao":0,"shapes":[{"ty":"gr","it":[{"ind":0,"ty":"sh","ix":1,"ks":{"a":0,"k":{"i":[[1.282,0],[0,0],[0,1.282],[0,0],[-1.282,0],[0,0],[0,-1.282],[0,0]],"o":[[0,0],[-1.282,0],[0,0],[0,-1.282],[0,0],[1.282,0],[0,0],[0,1.282]],"v":[[102.695,-80.43],[-6.996,-80.43],[-9.318,-82.752],[-9.318,-99.327],[-6.996,-101.649],[102.695,-101.649],[105.017,-99.327],[105.017,-82.752]],"c":true},"ix":2},"nm":"Path 1","mn":"ADBE Vector Shape - Group","hd":false},{"ty":"gf","o":{"a":0,"k":100,"ix":10},"r":1,"bm":0,"g":{"p":3,"k":{"a":0,"k":[0,1,0.843,0.278,0.556,1,0.778,0.296,1,1,0.714,0.314],"ix":9}},"s":{"a":0,"k":[-10,-92],"ix":5},"e":{"a":0,"k":[104.335,-92],"ix":6},"t":1,"nm":"Gradient Fill 1","mn":"ADBE Vector Graphic - G-Fill","hd":false},{"ty":"tr","p":{"a":0,"k":[0,0],"ix":2},"a":{"a":0,"k":[0,0],"ix":1},"s":{"a":0,"k":[100,100],"ix":3},"r":{"a":0,"k":0,"ix":6},"o":{"a":0,"k":100,"ix":7},"sk":{"a":0,"k":0,"ix":4},"sa":{"a":0,"k":0,"ix":5},"nm":"Transform"}],"nm":"Group 1","np":2,"cix":2,"bm":0,"ix":1,"mn":"ADBE Vector Group","hd":false},{"ty":"gr","it":[{"ty":"gr","it":[{"ty":"gr","it":[{"ind":0,"ty":"sh","ix":1,"ks":{"a":0,"k":{"i":[[0,0],[0,0],[0,0],[-11.863,0],[0,0],[0,11.863]],"o":[[0,0],[0,0],[0,11.863],[0,0],[11.863,0],[0,0]],"v":[[158.327,-171.41],[115.368,-171.41],[115.368,-149.346],[136.847,-127.867],[136.847,-127.867],[158.327,-149.346]],"c":true},"ix":2},"nm":"Path 1","mn":"ADBE Vector Shape - Group","hd":false},{"ty":"gf","o":{"a":0,"k":100,"ix":10},"r":1,"bm":0,"g":{"p":3,"k":{"a":0,"k":[0,1,0.333,0.008,0.556,0.922,0.31,0.018,1,0.843,0.286,0.027],"ix":9}},"s":{"a":0,"k":[136,-174],"ix":5},"e":{"a":0,"k":[135.524,-126.829],"ix":6},"t":1,"nm":"Gradient Fill 1","mn":"ADBE Vector Graphic - G-Fill","hd":false},{"ty":"tr","p":{"a":0,"k":[0,0],"ix":2},"a":{"a":0,"k":[0,0],"ix":1},"s":{"a":0,"k":[100,100],"ix":3},"r":{"a":0,"k":0,"ix":6},"o":{"a":0,"k":100,"ix":7},"sk":{"a":0,"k":0,"ix":4},"sa":{"a":0,"k":0,"ix":5},"nm":"Transform"}],"nm":"Group 1","np":2,"cix":2,"bm":0,"ix":1,"mn":"ADBE Vector Group","hd":false},{"ty":"gr","it":[{"ind":0,"ty":"sh","ix":1,"ks":{"a":0,"k":{"i":[[0,0],[0,0],[0,0],[-11.863,0],[0,0],[0,11.863]],"o":[[0,0],[0,0],[0,11.863],[0,0],[11.863,0],[0,0]],"v":[[115.368,-171.41],[72.41,-171.41],[72.41,-149.346],[93.889,-127.867],[93.889,-127.867],[115.368,-149.346]],"c":true},"ix":2},"nm":"Path 1","mn":"ADBE Vector Shape - Group","hd":false},{"ty":"gf","o":{"a":0,"k":100,"ix":10},"r":1,"bm":0,"g":{"p":3,"k":{"a":0,"k":[0,1,0.843,0.278,0.556,1,0.778,0.296,1,1,0.714,0.314],"ix":9}},"s":{"a":0,"k":[93,-174],"ix":5},"e":{"a":0,"k":[93.715,-127.782],"ix":6},"t":1,"nm":"Gradient Fill 1","mn":"ADBE Vector Graphic - G-Fill","hd":false},{"ty":"tr","p":{"a":0,"k":[0,0],"ix":2},"a":{"a":0,"k":[0,0],"ix":1},"s":{"a":0,"k":[100,100],"ix":3},"r":{"a":0,"k":0,"ix":6},"o":{"a":0,"k":100,"ix":7},"sk":{"a":0,"k":0,"ix":4},"sa":{"a":0,"k":0,"ix":5},"nm":"Transform"}],"nm":"Group 2","np":2,"cix":2,"bm":0,"ix":2,"mn":"ADBE Vector Group","hd":false},{"ty":"gr","it":[{"ind":0,"ty":"sh","ix":1,"ks":{"a":0,"k":{"i":[[0,0],[0,0],[0,0],[-11.863,0],[0,0],[0,11.863]],"o":[[0,0],[0,0],[0,11.863],[0,0],[11.863,0],[0,0]],"v":[[72.41,-171.41],[29.451,-171.41],[29.451,-149.346],[50.93,-127.867],[50.93,-127.867],[72.41,-149.346]],"c":true},"ix":2},"nm":"Path 1","mn":"ADBE Vector Shape - Group","hd":false},{"ty":"gf","o":{"a":0,"k":100,"ix":10},"r":1,"bm":0,"g":{"p":3,"k":{"a":0,"k":[0,1,0.333,0.008,0.556,0.922,0.31,0.018,1,0.843,0.286,0.027],"ix":9}},"s":{"a":0,"k":[50,-174],"ix":5},"e":{"a":0,"k":[51.082,-126.949],"ix":6},"t":1,"nm":"Gradient Fill 1","mn":"ADBE Vector Graphic - G-Fill","hd":false},{"ty":"tr","p":{"a":0,"k":[0,0],"ix":2},"a":{"a":0,"k":[0,0],"ix":1},"s":{"a":0,"k":[100,100],"ix":3},"r":{"a":0,"k":0,"ix":6},"o":{"a":0,"k":100,"ix":7},"sk":{"a":0,"k":0,"ix":4},"sa":{"a":0,"k":0,"ix":5},"nm":"Transform"}],"nm":"Group 3","np":2,"cix":2,"bm":0,"ix":3,"mn":"ADBE Vector Group","hd":false},{"ty":"gr","it":[{"ind":0,"ty":"sh","ix":1,"ks":{"a":0,"k":{"i":[[0,0],[0,0],[0,0],[-6.855,0],[0,0],[0,6.855]],"o":[[0,0],[0,0],[0,6.855],[0,0],[6.855,0],[0,0]],"v":[[29.451,-171.41],[-13.508,-171.41],[-13.508,-140.278],[-1.096,-127.867],[17.039,-127.867],[29.451,-140.278]],"c":true},"ix":2},"nm":"Path 1","mn":"ADBE Vector Shape - Group","hd":false},{"ty":"gf","o":{"a":0,"k":100,"ix":10},"r":1,"bm":0,"g":{"p":3,"k":{"a":0,"k":[0,1,0.843,0.278,0.556,1,0.778,0.296,1,1,0.714,0.314],"ix":9}},"s":{"a":0,"k":[7,-174],"ix":5},"e":{"a":0,"k":[7,-127.49],"ix":6},"t":1,"nm":"Gradient Fill 1","mn":"ADBE Vector Graphic - G-Fill","hd":false},{"ty":"tr","p":{"a":0,"k":[0,0],"ix":2},"a":{"a":0,"k":[0,0],"ix":1},"s":{"a":0,"k":[100,100],"ix":3},"r":{"a":0,"k":0,"ix":6},"o":{"a":0,"k":100,"ix":7},"sk":{"a":0,"k":0,"ix":4},"sa":{"a":0,"k":0,"ix":5},"nm":"Transform"}],"nm":"Group 4","np":2,"cix":2,"bm":0,"ix":4,"mn":"ADBE Vector Group","hd":false},{"ty":"gr","it":[{"ind":0,"ty":"sh","ix":1,"ks":{"a":0,"k":{"i":[[0,0],[0,0],[0,0],[-6.855,0],[0,0],[0,6.855]],"o":[[0,0],[0,0],[0,6.855],[0,0],[6.855,0],[0,0]],"v":[[-13.508,-171.41],[-56.466,-171.41],[-56.466,-140.278],[-44.055,-127.867],[-25.919,-127.867],[-13.508,-140.278]],"c":true},"ix":2},"nm":"Path 1","mn":"ADBE Vector Shape - Group","hd":false},{"ty":"gf","o":{"a":0,"k":100,"ix":10},"r":1,"bm":0,"g":{"p":3,"k":{"a":0,"k":[0,1,0.333,0.008,0.556,0.922,0.31,0.018,1,0.843,0.286,0.027],"ix":9}},"s":{"a":0,"k":[-35,-174],"ix":5},"e":{"a":0,"k":[-35.542,-127.649],"ix":6},"t":1,"nm":"Gradient Fill 1","mn":"ADBE Vector Graphic - G-Fill","hd":false},{"ty":"tr","p":{"a":0,"k":[0,0],"ix":2},"a":{"a":0,"k":[0,0],"ix":1},"s":{"a":0,"k":[100,100],"ix":3},"r":{"a":0,"k":0,"ix":6},"o":{"a":0,"k":100,"ix":7},"sk":{"a":0,"k":0,"ix":4},"sa":{"a":0,"k":0,"ix":5},"nm":"Transform"}],"nm":"Group 5","np":2,"cix":2,"bm":0,"ix":5,"mn":"ADBE Vector Group","hd":false},{"ty":"gr","it":[{"ind":0,"ty":"sh","ix":1,"ks":{"a":0,"k":{"i":[[0,0],[0,0],[0,0],[-11.863,0],[0,0],[0,11.863]],"o":[[0,0],[0,0],[0,11.863],[0,0],[11.863,0],[0,0]],"v":[[-56.466,-171.41],[-99.425,-171.41],[-99.425,-149.346],[-77.946,-127.867],[-77.946,-127.867],[-56.466,-149.346]],"c":true},"ix":2},"nm":"Path 1","mn":"ADBE Vector Shape - Group","hd":false},{"ty":"gf","o":{"a":0,"k":100,"ix":10},"r":1,"bm":0,"g":{"p":3,"k":{"a":0,"k":[0,1,0.843,0.278,0.556,1,0.778,0.296,1,1,0.714,0.314],"ix":9}},"s":{"a":0,"k":[-78,-171],"ix":5},"e":{"a":0,"k":[-78.598,-126.781],"ix":6},"t":1,"nm":"Gradient Fill 1","mn":"ADBE Vector Graphic - G-Fill","hd":false},{"ty":"tr","p":{"a":0,"k":[0,0],"ix":2},"a":{"a":0,"k":[0,0],"ix":1},"s":{"a":0,"k":[100,100],"ix":3},"r":{"a":0,"k":0,"ix":6},"o":{"a":0,"k":100,"ix":7},"sk":{"a":0,"k":0,"ix":4},"sa":{"a":0,"k":0,"ix":5},"nm":"Transform"}],"nm":"Group 6","np":2,"cix":2,"bm":0,"ix":6,"mn":"ADBE Vector Group","hd":false},{"ty":"gr","it":[{"ind":0,"ty":"sh","ix":1,"ks":{"a":0,"k":{"i":[[0,0],[0,0],[0,0],[-11.863,0],[0,0],[0,11.863]],"o":[[0,0],[0,0],[0,11.863],[0,0],[11.863,0],[0,0]],"v":[[-99.425,-171.41],[-142.384,-171.41],[-142.384,-149.346],[-120.904,-127.867],[-120.904,-127.867],[-99.425,-149.346]],"c":true},"ix":2},"nm":"Path 1","mn":"ADBE Vector Shape - Group","hd":false},{"ty":"gf","o":{"a":0,"k":100,"ix":10},"r":1,"bm":0,"g":{"p":3,"k":{"a":0,"k":[0,1,0.333,0.008,0.556,0.922,0.31,0.018,1,0.843,0.286,0.027],"ix":9}},"s":{"a":0,"k":[-121,-175],"ix":5},"e":{"a":0,"k":[-121,-128.192],"ix":6},"t":1,"nm":"Gradient Fill 1","mn":"ADBE Vector Graphic - G-Fill","hd":false},{"ty":"tr","p":{"a":0,"k":[0,0],"ix":2},"a":{"a":0,"k":[0,0],"ix":1},"s":{"a":0,"k":[100,100],"ix":3},"r":{"a":0,"k":0,"ix":6},"o":{"a":0,"k":100,"ix":7},"sk":{"a":0,"k":0,"ix":4},"sa":{"a":0,"k":0,"ix":5},"nm":"Transform"}],"nm":"Group 7","np":2,"cix":2,"bm":0,"ix":7,"mn":"ADBE Vector Group","hd":false},{"ty":"tr","p":{"a":0,"k":[0,0],"ix":2},"a":{"a":0,"k":[0,0],"ix":1},"s":{"a":0,"k":[100,100],"ix":3},"r":{"a":0,"k":0,"ix":6},"o":{"a":0,"k":100,"ix":7},"sk":{"a":0,"k":0,"ix":4},"sa":{"a":0,"k":0,"ix":5},"nm":"Transform"}],"nm":"Group 1","np":7,"cix":2,"bm":0,"ix":1,"mn":"ADBE Vector Group","hd":false},{"ty":"gr","it":[{"ind":0,"ty":"sh","ix":1,"ks":{"a":0,"k":{"i":[[1.77,3.054],[2.977,0],[2.748,0],[2.977,0],[3.664,0],[-1.284,-3.103],[-1.185,-2.864],[-1.284,-3.102],[-1.58,-3.818],[-2.887,0],[-2.612,0],[-2.612,0],[-2.887,0],[-3.437,0],[1.487,2.566],[1.345,2.322],[1.345,2.322],[1.487,2.566]],"o":[[-3.664,0],[-2.977,0],[-2.748,0],[-2.977,0],[1.58,3.818],[1.284,3.103],[1.185,2.864],[1.284,3.103],[3.437,0],[2.887,0],[2.612,0],[2.612,0],[2.887,0],[-1.77,-3.055],[-1.487,-2.566],[-1.345,-2.322],[-1.345,-2.322],[-1.487,-2.566]],"v":[[136.206,-209.596],[126.359,-209.596],[117.887,-209.596],[109.415,-209.596],[99.568,-209.596],[103.815,-199.334],[107.47,-190.503],[111.125,-181.672],[115.372,-171.41],[124.789,-171.41],[132.968,-171.41],[140.735,-171.41],[148.915,-171.41],[158.331,-171.41],[153.482,-179.78],[149.269,-187.051],[145.268,-193.955],[141.055,-201.226]],"c":true},"ix":2},"nm":"Path 1","mn":"ADBE Vector Shape - Group","hd":false},{"ty":"gf","o":{"a":0,"k":100,"ix":10},"r":1,"bm":0,"g":{"p":3,"k":{"a":0,"k":[0,1,0.843,0.278,0.556,1,0.778,0.296,1,1,0.714,0.314],"ix":9}},"s":{"a":0,"k":[117,-213],"ix":5},"e":{"a":0,"k":[136.297,-172.261],"ix":6},"t":1,"nm":"Gradient Fill 1","mn":"ADBE Vector Graphic - G-Fill","hd":false},{"ty":"tr","p":{"a":0,"k":[0,0],"ix":2},"a":{"a":0,"k":[0,0],"ix":1},"s":{"a":0,"k":[100,100],"ix":3},"r":{"a":0,"k":0,"ix":6},"o":{"a":0,"k":100,"ix":7},"sk":{"a":0,"k":0,"ix":4},"sa":{"a":0,"k":0,"ix":5},"nm":"Transform"}],"nm":"Group 2","np":2,"cix":2,"bm":0,"ix":2,"mn":"ADBE Vector Group","hd":false},{"ty":"gr","it":[{"ind":0,"ty":"sh","ix":1,"ks":{"a":0,"k":{"i":[[1.58,3.818],[2.977,0],[2.748,0],[2.977,0],[3.664,0],[-0.77,-3.103],[-0.711,-2.864],[-0.77,-3.102],[-0.948,-3.818],[-2.887,0],[-2.612,0],[-2.612,0],[-2.887,0],[-3.437,0],[1.284,3.103],[1.185,2.864],[1.284,3.103]],"o":[[-3.664,0],[-2.977,0],[-2.748,0],[-2.977,0],[0.948,3.818],[0.77,3.103],[0.711,2.864],[0.77,3.103],[3.437,0],[2.887,0],[2.612,0],[2.612,0],[2.887,0],[-1.58,-3.818],[-1.284,-3.102],[-1.185,-2.864],[-1.284,-3.103]],"v":[[99.568,-209.596],[89.722,-209.596],[81.249,-209.596],[72.777,-209.596],[62.93,-209.596],[65.478,-199.334],[67.671,-190.503],[69.864,-181.672],[72.412,-171.41],[81.829,-171.41],[90.009,-171.41],[97.776,-171.41],[105.956,-171.41],[115.372,-171.41],[111.125,-181.672],[107.47,-190.503],[103.815,-199.334]],"c":true},"ix":2},"nm":"Path 1","mn":"ADBE Vector Shape - Group","hd":false},{"ty":"gf","o":{"a":0,"k":100,"ix":10},"r":1,"bm":0,"g":{"p":3,"k":{"a":0,"k":[0,1,0.333,0.008,0.556,0.922,0.31,0.018,1,0.843,0.286,0.027],"ix":9}},"s":{"a":0,"k":[80,-213],"ix":5},"e":{"a":0,"k":[93.341,-171.785],"ix":6},"t":1,"nm":"Gradient Fill 1","mn":"ADBE Vector Graphic - G-Fill","hd":false},{"ty":"tr","p":{"a":0,"k":[0,0],"ix":2},"a":{"a":0,"k":[0,0],"ix":1},"s":{"a":0,"k":[100,100],"ix":3},"r":{"a":0,"k":0,"ix":6},"o":{"a":0,"k":100,"ix":7},"sk":{"a":0,"k":0,"ix":4},"sa":{"a":0,"k":0,"ix":5},"nm":"Transform"}],"nm":"Group 3","np":2,"cix":2,"bm":0,"ix":3,"mn":"ADBE Vector Group","hd":false},{"ty":"gr","it":[{"ind":0,"ty":"sh","ix":1,"ks":{"a":0,"k":{"i":[[0.948,3.818],[2.977,0],[2.748,0],[2.977,0],[3.664,0],[-0.257,-3.103],[-0.237,-2.864],[-0.257,-3.102],[-0.316,-3.818],[-2.887,0],[-2.612,0],[-2.612,0],[-2.887,0],[-3.437,0],[0.77,3.103],[0.711,2.864],[0.77,3.103]],"o":[[-3.664,0],[-2.977,0],[-2.748,0],[-2.977,0],[0.316,3.818],[0.257,3.103],[0.237,2.864],[0.257,3.103],[3.437,0],[2.887,0],[2.612,0],[2.612,0],[2.887,0],[-0.948,-3.818],[-0.77,-3.102],[-0.711,-2.864],[-0.77,-3.103]],"v":[[62.93,-209.596],[53.083,-209.596],[44.611,-209.596],[36.138,-209.596],[26.291,-209.596],[27.141,-199.334],[27.872,-190.503],[28.603,-181.672],[29.452,-171.41],[38.869,-171.41],[47.049,-171.41],[54.816,-171.41],[62.996,-171.41],[72.412,-171.41],[69.864,-181.672],[67.671,-190.503],[65.478,-199.334]],"c":true},"ix":2},"nm":"Path 1","mn":"ADBE Vector Shape - Group","hd":false},{"ty":"gf","o":{"a":0,"k":100,"ix":10},"r":1,"bm":0,"g":{"p":3,"k":{"a":0,"k":[0,1,0.843,0.278,0.556,1,0.778,0.296,1,1,0.714,0.314],"ix":9}},"s":{"a":0,"k":[44,-212],"ix":5},"e":{"a":0,"k":[51.031,-170.357],"ix":6},"t":1,"nm":"Gradient Fill 1","mn":"ADBE Vector Graphic - G-Fill","hd":false},{"ty":"tr","p":{"a":0,"k":[0,0],"ix":2},"a":{"a":0,"k":[0,0],"ix":1},"s":{"a":0,"k":[100,100],"ix":3},"r":{"a":0,"k":0,"ix":6},"o":{"a":0,"k":100,"ix":7},"sk":{"a":0,"k":0,"ix":4},"sa":{"a":0,"k":0,"ix":5},"nm":"Transform"}],"nm":"Group 4","np":2,"cix":2,"bm":0,"ix":4,"mn":"ADBE Vector Group","hd":false},{"ty":"gr","it":[{"ind":0,"ty":"sh","ix":1,"ks":{"a":0,"k":{"i":[[0.316,3.818],[2.977,0],[2.748,0],[2.977,0],[3.664,0],[0.257,-3.103],[0.237,-2.864],[0.257,-3.102],[0.316,-3.818],[-2.887,0],[-2.612,0],[-2.612,0],[-2.887,0],[-3.437,0],[0.257,3.103],[0.237,2.864],[0.257,3.103]],"o":[[-3.664,0],[-2.977,0],[-2.748,0],[-2.977,0],[-0.316,3.818],[-0.257,3.103],[-0.237,2.864],[-0.257,3.103],[3.437,0],[2.887,0],[2.612,0],[2.612,0],[2.887,0],[-0.316,-3.818],[-0.257,-3.102],[-0.237,-2.864],[-0.257,-3.103]],"v":[[26.291,-209.596],[16.444,-209.596],[7.972,-209.596],[-0.501,-209.596],[-10.348,-209.596],[-11.197,-199.334],[-11.928,-190.503],[-12.659,-181.672],[-13.509,-171.41],[-4.092,-171.41],[4.088,-171.41],[11.855,-171.41],[20.035,-171.41],[29.452,-171.41],[28.603,-181.672],[27.872,-190.503],[27.141,-199.334]],"c":true},"ix":2},"nm":"Path 1","mn":"ADBE Vector Shape - Group","hd":false},{"ty":"gf","o":{"a":0,"k":100,"ix":10},"r":1,"bm":0,"g":{"p":3,"k":{"a":0,"k":[0,1,0.333,0.008,0.556,0.922,0.31,0.018,1,0.843,0.286,0.027],"ix":9}},"s":{"a":0,"k":[7,-214],"ix":5},"e":{"a":0,"k":[7.27,-172.087],"ix":6},"t":1,"nm":"Gradient Fill 1","mn":"ADBE Vector Graphic - G-Fill","hd":false},{"ty":"tr","p":{"a":0,"k":[0,0],"ix":2},"a":{"a":0,"k":[0,0],"ix":1},"s":{"a":0,"k":[100,100],"ix":3},"r":{"a":0,"k":0,"ix":6},"o":{"a":0,"k":100,"ix":7},"sk":{"a":0,"k":0,"ix":4},"sa":{"a":0,"k":0,"ix":5},"nm":"Transform"}],"nm":"Group 5","np":2,"cix":2,"bm":0,"ix":5,"mn":"ADBE Vector Group","hd":false},{"ty":"gr","it":[{"ind":0,"ty":"sh","ix":1,"ks":{"a":0,"k":{"i":[[-0.316,3.818],[2.977,0],[2.748,0],[2.977,0],[3.664,0],[0.771,-3.103],[0.711,-2.864],[0.77,-3.102],[0.948,-3.818],[-2.887,0],[-2.612,0],[-2.612,0],[-2.887,0],[-3.437,0],[-0.257,3.103],[-0.237,2.864],[-0.257,3.103]],"o":[[-3.664,0],[-2.977,0],[-2.748,0],[-2.977,0],[-0.948,3.818],[-0.77,3.103],[-0.711,2.864],[-0.77,3.103],[3.437,0],[2.887,0],[2.612,0],[2.612,0],[2.887,0],[0.316,-3.818],[0.257,-3.102],[0.237,-2.864],[0.257,-3.103]],"v":[[-10.348,-209.596],[-20.195,-209.596],[-28.667,-209.596],[-37.14,-209.596],[-46.987,-209.596],[-49.535,-199.334],[-51.728,-190.503],[-53.921,-181.672],[-56.469,-171.41],[-47.052,-171.41],[-38.873,-171.41],[-31.105,-171.41],[-22.926,-171.41],[-13.509,-171.41],[-12.659,-181.672],[-11.928,-190.503],[-11.197,-199.334]],"c":true},"ix":2},"nm":"Path 1","mn":"ADBE Vector Shape - Group","hd":false},{"ty":"gf","o":{"a":0,"k":100,"ix":10},"r":1,"bm":0,"g":{"p":3,"k":{"a":0,"k":[0,1,0.843,0.278,0.556,1,0.778,0.296,1,1,0.714,0.314],"ix":9}},"s":{"a":0,"k":[-30,-212],"ix":5},"e":{"a":0,"k":[-35.138,-171.709],"ix":6},"t":1,"nm":"Gradient Fill 1","mn":"ADBE Vector Graphic - G-Fill","hd":false},{"ty":"tr","p":{"a":0,"k":[0,0],"ix":2},"a":{"a":0,"k":[0,0],"ix":1},"s":{"a":0,"k":[100,100],"ix":3},"r":{"a":0,"k":0,"ix":6},"o":{"a":0,"k":100,"ix":7},"sk":{"a":0,"k":0,"ix":4},"sa":{"a":0,"k":0,"ix":5},"nm":"Transform"}],"nm":"Group 6","np":2,"cix":2,"bm":0,"ix":6,"mn":"ADBE Vector Group","hd":false},{"ty":"gr","it":[{"ind":0,"ty":"sh","ix":1,"ks":{"a":0,"k":{"i":[[-0.948,3.818],[2.977,0],[2.748,0],[2.977,0],[3.664,0],[1.284,-3.103],[1.185,-2.864],[1.284,-3.102],[1.58,-3.818],[-2.887,0],[-2.612,0],[-2.612,0],[-2.887,0],[-3.437,0],[-0.77,3.103],[-0.711,2.864],[-0.77,3.103]],"o":[[-3.664,0],[-2.977,0],[-2.748,0],[-2.977,0],[-1.58,3.818],[-1.284,3.103],[-1.185,2.864],[-1.284,3.103],[3.437,0],[2.887,0],[2.612,0],[2.612,0],[2.887,0],[0.948,-3.818],[0.77,-3.102],[0.711,-2.864],[0.771,-3.103]],"v":[[-46.987,-209.596],[-56.833,-209.596],[-65.306,-209.596],[-73.779,-209.596],[-83.625,-209.596],[-87.872,-199.334],[-91.527,-190.503],[-95.182,-181.672],[-99.429,-171.41],[-90.013,-171.41],[-81.833,-171.41],[-74.066,-171.41],[-65.886,-171.41],[-56.469,-171.41],[-53.921,-181.672],[-51.728,-190.503],[-49.535,-199.334]],"c":true},"ix":2},"nm":"Path 1","mn":"ADBE Vector Shape - Group","hd":false},{"ty":"gf","o":{"a":0,"k":100,"ix":10},"r":1,"bm":0,"g":{"p":3,"k":{"a":0,"k":[0,1,0.333,0.008,0.556,0.922,0.31,0.018,1,0.843,0.286,0.027],"ix":9}},"s":{"a":0,"k":[-66,-216],"ix":5},"e":{"a":0,"k":[-78.847,-171.482],"ix":6},"t":1,"nm":"Gradient Fill 1","mn":"ADBE Vector Graphic - G-Fill","hd":false},{"ty":"tr","p":{"a":0,"k":[0,0],"ix":2},"a":{"a":0,"k":[0,0],"ix":1},"s":{"a":0,"k":[100,100],"ix":3},"r":{"a":0,"k":0,"ix":6},"o":{"a":0,"k":100,"ix":7},"sk":{"a":0,"k":0,"ix":4},"sa":{"a":0,"k":0,"ix":5},"nm":"Transform"}],"nm":"Group 7","np":2,"cix":2,"bm":0,"ix":7,"mn":"ADBE Vector Group","hd":false},{"ty":"gr","it":[{"ind":0,"ty":"sh","ix":1,"ks":{"a":0,"k":{"i":[[-1.58,3.818],[2.977,0],[2.748,0],[2.977,0],[3.664,0],[1.487,-2.566],[1.345,-2.322],[1.345,-2.322],[1.487,-2.566],[1.77,-3.055],[-2.887,0],[-2.612,0],[-2.612,0],[-2.887,0],[-3.437,0],[-1.284,3.103],[-1.185,2.864],[-1.284,3.103]],"o":[[-3.664,0],[-2.977,0],[-2.748,0],[-2.977,0],[-1.77,3.054],[-1.487,2.566],[-1.345,2.322],[-1.345,2.322],[-1.487,2.566],[3.437,0],[2.887,0],[2.612,0],[2.612,0],[2.887,0],[1.58,-3.818],[1.284,-3.102],[1.185,-2.864],[1.284,-3.103]],"v":[[-83.625,-209.596],[-93.472,-209.596],[-101.944,-209.596],[-110.416,-209.596],[-120.262,-209.596],[-125.112,-201.226],[-129.325,-193.955],[-133.325,-187.051],[-137.538,-179.78],[-142.388,-171.41],[-132.972,-171.41],[-124.792,-171.41],[-117.025,-171.41],[-108.846,-171.41],[-99.429,-171.41],[-95.182,-181.672],[-91.527,-190.503],[-87.872,-199.334]],"c":true},"ix":2},"nm":"Path 1","mn":"ADBE Vector Shape - Group","hd":false},{"ty":"gf","o":{"a":0,"k":100,"ix":10},"r":1,"bm":0,"g":{"p":3,"k":{"a":0,"k":[0,1,0.333,0.008,0.556,0.922,0.31,0.018,1,0.843,0.286,0.027],"ix":9}},"s":{"a":0,"k":[-105,-212],"ix":5},"e":{"a":0,"k":[-121.416,-173.179],"ix":6},"t":1,"nm":"Gradient Fill 1","mn":"ADBE Vector Graphic - G-Fill","hd":false},{"ty":"tr","p":{"a":0,"k":[0,0],"ix":2},"a":{"a":0,"k":[0,0],"ix":1},"s":{"a":0,"k":[100,100],"ix":3},"r":{"a":0,"k":0,"ix":6},"o":{"a":0,"k":100,"ix":7},"sk":{"a":0,"k":0,"ix":4},"sa":{"a":0,"k":0,"ix":5},"nm":"Transform"}],"nm":"Group 8","np":2,"cix":2,"bm":0,"ix":8,"mn":"ADBE Vector Group","hd":false},{"ty":"tr","p":{"a":0,"k":[0,0],"ix":2},"a":{"a":0,"k":[0,0],"ix":1},"s":{"a":0,"k":[100,100],"ix":3},"r":{"a":0,"k":0,"ix":6},"o":{"a":0,"k":100,"ix":7},"sk":{"a":0,"k":0,"ix":4},"sa":{"a":0,"k":0,"ix":5},"nm":"Transform"}],"nm":"Group 2","np":8,"cix":2,"bm":0,"ix":2,"mn":"ADBE Vector Group","hd":false},{"ty":"gr","it":[{"ind":0,"ty":"sh","ix":1,"ks":{"a":0,"k":{"i":[[2.565,0],[0,0],[0,2.565],[0,0],[-2.565,0],[0,0],[0,-2.565],[0,0]],"o":[[0,0],[-2.565,0],[0,0],[0,-2.565],[0,0],[2.565,0],[0,0],[0,2.565]],"v":[[121.716,207.732],[-105.773,207.732],[-110.417,203.088],[-110.417,-181.065],[-105.773,-185.709],[121.716,-185.709],[126.36,-181.065],[126.36,203.088]],"c":true},"ix":2},"nm":"Path 1","mn":"ADBE Vector Shape - Group","hd":false},{"ty":"fl","c":{"a":0,"k":[0.321568638086,0.815686285496,0.666666686535,1],"ix":4},"o":{"a":0,"k":100,"ix":5},"r":1,"bm":0,"nm":"Fill 1","mn":"ADBE Vector Graphic - Fill","hd":false},{"ty":"tr","p":{"a":0,"k":[0,0],"ix":2},"a":{"a":0,"k":[0,0],"ix":1},"s":{"a":0,"k":[100,100],"ix":3},"r":{"a":0,"k":0,"ix":6},"o":{"a":0,"k":100,"ix":7},"sk":{"a":0,"k":0,"ix":4},"sa":{"a":0,"k":0,"ix":5},"nm":"Transform"}],"nm":"Group 3","np":2,"cix":2,"bm":0,"ix":3,"mn":"ADBE Vector Group","hd":false},{"ty":"gr","it":[{"ind":0,"ty":"sh","ix":1,"ks":{"a":0,"k":{"i":[[5.13,0],[0,0],[0,5.13],[0,0],[-5.13,0],[0,0],[0,-5.13],[0,0]],"o":[[0,0],[-5.13,0],[0,0],[0,-5.13],[0,0],[5.13,0],[0,0],[0,5.13]],"v":[[127.118,217.778],[-111.175,217.778],[-120.463,208.49],[-120.463,-219.704],[-111.175,-228.992],[127.118,-228.992],[136.406,-219.704],[136.406,208.49]],"c":true},"ix":2},"nm":"Path 1","mn":"ADBE Vector Shape - Group","hd":false},{"ty":"fl","c":{"a":0,"k":[0.007843137719,0.098039217293,0.196078434587,1],"ix":4},"o":{"a":0,"k":100,"ix":5},"r":1,"bm":0,"nm":"Fill 1","mn":"ADBE Vector Graphic - Fill","hd":false},{"ty":"tr","p":{"a":0,"k":[0,0],"ix":2},"a":{"a":0,"k":[0,0],"ix":1},"s":{"a":0,"k":[100,100],"ix":3},"r":{"a":0,"k":0,"ix":6},"o":{"a":0,"k":100,"ix":7},"sk":{"a":0,"k":0,"ix":4},"sa":{"a":0,"k":0,"ix":5},"nm":"Transform"}],"nm":"Group 4","np":2,"cix":2,"bm":0,"ix":4,"mn":"ADBE Vector Group","hd":false}],"ip":0,"op":360,"st":0,"bm":0},{"ddd":0,"ind":16,"ty":4,"nm":"Layer 3","parent":1,"sr":1,"ks":{"o":{"a":0,"k":100,"ix":11},"r":{"a":1,"k":[{"i":{"x":[0.833],"y":[0.833]},"o":{"x":[0.167],"y":[0.167]},"t":0,"s":[0]},{"t":358,"s":[360]}],"ix":10},"p":{"a":0,"k":[280.363,35.679,0],"ix":2},"a":{"a":0,"k":[227.496,-60.338,0],"ix":1},"s":{"a":0,"k":[100,100,100],"ix":6}},"ao":0,"shapes":[{"ty":"gr","it":[{"ind":0,"ty":"sh","ix":1,"ks":{"a":0,"k":{"i":[[0,-5.871],[5.871,0],[0,5.871],[-5.871,0]],"o":[[0,5.871],[-5.871,0],[0,-5.871],[5.871,0]],"v":[[238.127,-60.338],[227.496,-49.708],[216.866,-60.338],[227.496,-70.968]],"c":true},"ix":2},"nm":"Path 1","mn":"ADBE Vector Shape - Group","hd":false},{"ty":"fl","c":{"a":0,"k":[0.901960790157,0.988235294819,0.929411768913,1],"ix":4},"o":{"a":0,"k":100,"ix":5},"r":1,"bm":0,"nm":"Fill 1","mn":"ADBE Vector Graphic - Fill","hd":false},{"ty":"tr","p":{"a":0,"k":[0,0],"ix":2},"a":{"a":0,"k":[0,0],"ix":1},"s":{"a":0,"k":[100,100],"ix":3},"r":{"a":0,"k":0,"ix":6},"o":{"a":0,"k":100,"ix":7},"sk":{"a":0,"k":0,"ix":4},"sa":{"a":0,"k":0,"ix":5},"nm":"Transform"}],"nm":"Group 1","np":2,"cix":2,"bm":0,"ix":1,"mn":"ADBE Vector Group","hd":false},{"ty":"gr","it":[{"ty":"gr","it":[{"ty":"gr","it":[{"ind":0,"ty":"sh","ix":1,"ks":{"a":0,"k":{"i":[[0,-15.921],[15.921,0],[0,15.921],[-15.921,0]],"o":[[0,15.921],[-15.921,0],[0,-15.921],[15.921,0]],"v":[[256.324,-60.338],[227.496,-31.511],[198.669,-60.338],[227.496,-89.165]],"c":true},"ix":2},"nm":"Path 1","mn":"ADBE Vector Shape - Group","hd":false},{"ty":"gs","o":{"a":0,"k":100,"ix":9},"w":{"a":0,"k":1,"ix":10},"g":{"p":3,"k":{"a":0,"k":[0,1,0.478,0.263,0.556,0.853,0.361,0.147,1,0.706,0.243,0.031],"ix":8}},"s":{"a":0,"k":[198,-61],"ix":4},"e":{"a":0,"k":[256.654,-61],"ix":5},"t":1,"lc":1,"lj":1,"ml":10,"ml2":{"a":0,"k":10,"ix":13},"bm":0,"nm":"Gradient Stroke 1","mn":"ADBE Vector Graphic - G-Stroke","hd":false},{"ty":"tr","p":{"a":0,"k":[0,0],"ix":2},"a":{"a":0,"k":[0,0],"ix":1},"s":{"a":0,"k":[100,100],"ix":3},"r":{"a":0,"k":0,"ix":6},"o":{"a":0,"k":100,"ix":7},"sk":{"a":0,"k":0,"ix":4},"sa":{"a":0,"k":0,"ix":5},"nm":"Transform"}],"nm":"Group 1","np":2,"cix":2,"bm":0,"ix":1,"mn":"ADBE Vector Group","hd":false},{"ty":"gr","it":[{"ind":0,"ty":"sh","ix":1,"ks":{"a":0,"k":{"i":[[0,-15.921],[15.921,0],[0,15.921],[-15.921,0]],"o":[[0,15.921],[-15.921,0],[0,-15.921],[15.921,0]],"v":[[256.324,-60.338],[227.496,-31.511],[198.669,-60.338],[227.496,-89.165]],"c":true},"ix":2},"nm":"Path 1","mn":"ADBE Vector Shape - Group","hd":false},{"ty":"gf","o":{"a":0,"k":100,"ix":10},"r":1,"bm":0,"g":{"p":3,"k":{"a":0,"k":[0,1,1,1,0.556,0.885,0.885,0.885,1,0.77,0.77,0.77],"ix":9}},"s":{"a":0,"k":[198,-61],"ix":5},"e":{"a":0,"k":[255.654,-61],"ix":6},"t":1,"nm":"Gradient Fill 1","mn":"ADBE Vector Graphic - G-Fill","hd":false},{"ty":"tr","p":{"a":0,"k":[0,0],"ix":2},"a":{"a":0,"k":[0,0],"ix":1},"s":{"a":0,"k":[100,100],"ix":3},"r":{"a":0,"k":0,"ix":6},"o":{"a":0,"k":100,"ix":7},"sk":{"a":0,"k":0,"ix":4},"sa":{"a":0,"k":0,"ix":5},"nm":"Transform"}],"nm":"Group 2","np":2,"cix":2,"bm":0,"ix":2,"mn":"ADBE Vector Group","hd":false},{"ty":"tr","p":{"a":0,"k":[0,0],"ix":2},"a":{"a":0,"k":[0,0],"ix":1},"s":{"a":0,"k":[100,100],"ix":3},"r":{"a":0,"k":0,"ix":6},"o":{"a":0,"k":100,"ix":7},"sk":{"a":0,"k":0,"ix":4},"sa":{"a":0,"k":0,"ix":5},"nm":"Transform"}],"nm":"Group 1","np":2,"cix":2,"bm":0,"ix":1,"mn":"ADBE Vector Group","hd":false},{"ty":"gr","it":[{"ty":"gr","it":[{"ind":0,"ty":"sh","ix":1,"ks":{"a":0,"k":{"i":[[0,0],[0,0],[0,0],[-0.975,0.205],[-5.032,3.275],[-0.704,-0.705],[0,0],[0,0],[0,0],[-0.549,0.836],[-1.23,5.856],[-0.997,0],[0,0],[0,0],[0,0],[0.205,0.975],[3.26,4.969],[-0.705,0.706],[0,0],[0,0],[0,0],[0.833,0.545],[5.821,1.225],[0,0.997],[0,0],[0,0],[0,0],[0.975,-0.205],[5.032,-3.275],[0.704,0.705],[0,0],[0,0],[0,0],[0.549,-0.836],[1.208,-5.831],[0.999,0],[0,0],[0,0],[0,0],[-0.202,-0.978],[-3.281,-5.026],[0.704,-0.705],[0,0],[0,0],[0,0],[-0.834,-0.544],[-5.815,-1.223],[0,-0.996]],"o":[[0,0],[0,0],[0,-0.997],[5.814,-1.223],[0.836,-0.543],[0,0],[0,0],[0,0],[-0.706,-0.706],[3.264,-4.975],[0.205,-0.975],[0,0],[0,0],[0,0],[-0.997,0],[-1.234,-5.872],[-0.549,-0.836],[0,0],[0,0],[0,0],[-0.705,0.705],[-5.01,-3.272],[-0.975,-0.205],[0,0],[0,0],[0,0],[0,0.997],[-5.815,1.223],[-0.836,0.543],[0,0],[0,0],[0,0],[0.706,0.706],[-3.284,5.006],[-0.202,0.978],[0,0],[0,0],[0,0],[0.999,0],[1.203,5.803],[0.545,0.834],[0,0],[0,0],[0,0],[0.704,-0.705],[5.032,3.274],[0.975,0.206],[0,0]],"v":[[219.293,4.851],[235.701,4.851],[235.701,-11.314],[237.375,-13.376],[253.72,-20.154],[256.36,-19.877],[267.789,-8.433],[279.395,-20.039],[267.949,-31.483],[267.677,-34.13],[274.449,-50.452],[276.511,-52.125],[292.693,-52.125],[292.693,-68.534],[276.511,-68.534],[274.449,-70.209],[267.677,-86.547],[267.948,-89.193],[279.395,-100.639],[267.788,-112.244],[256.341,-100.799],[253.699,-100.524],[237.375,-107.301],[235.701,-109.362],[235.701,-125.527],[219.293,-125.527],[219.293,-109.362],[217.619,-107.301],[201.273,-100.522],[198.633,-100.8],[187.204,-112.243],[175.599,-100.639],[187.045,-89.193],[187.316,-86.547],[180.545,-70.214],[178.482,-68.535],[162.3,-68.535],[162.3,-52.126],[178.482,-52.126],[180.545,-50.446],[187.302,-34.126],[187.029,-31.485],[175.598,-20.04],[187.205,-8.434],[198.633,-19.878],[201.273,-20.154],[217.619,-13.377],[219.293,-11.315]],"c":true},"ix":2},"nm":"Path 1","mn":"ADBE Vector Shape - Group","hd":false},{"ty":"gs","o":{"a":0,"k":100,"ix":9},"w":{"a":0,"k":1,"ix":10},"g":{"p":3,"k":{"a":0,"k":[0,1,0.478,0.263,0.556,0.853,0.361,0.147,1,0.706,0.243,0.031],"ix":8}},"s":{"a":0,"k":[161,-61],"ix":4},"e":{"a":0,"k":[292.394,-61],"ix":5},"t":1,"lc":1,"lj":1,"ml":10,"ml2":{"a":0,"k":10,"ix":13},"bm":0,"nm":"Gradient Stroke 1","mn":"ADBE Vector Graphic - G-Stroke","hd":false},{"ty":"tr","p":{"a":0,"k":[0,0],"ix":2},"a":{"a":0,"k":[0,0],"ix":1},"s":{"a":0,"k":[100,100],"ix":3},"r":{"a":0,"k":0,"ix":6},"o":{"a":0,"k":100,"ix":7},"sk":{"a":0,"k":0,"ix":4},"sa":{"a":0,"k":0,"ix":5},"nm":"Transform"}],"nm":"Group 1","np":2,"cix":2,"bm":0,"ix":1,"mn":"ADBE Vector Group","hd":false},{"ty":"gr","it":[{"ind":0,"ty":"sh","ix":1,"ks":{"a":0,"k":{"i":[[0,0],[0,0],[0,0],[-0.975,0.205],[-5.032,3.275],[-0.704,-0.705],[0,0],[0,0],[0,0],[-0.549,0.836],[-1.23,5.856],[-0.997,0],[0,0],[0,0],[0,0],[0.205,0.975],[3.26,4.969],[-0.705,0.706],[0,0],[0,0],[0,0],[0.833,0.545],[5.821,1.225],[0,0.997],[0,0],[0,0],[0,0],[0.975,-0.205],[5.032,-3.275],[0.704,0.705],[0,0],[0,0],[0,0],[0.549,-0.836],[1.208,-5.831],[0.999,0],[0,0],[0,0],[0,0],[-0.202,-0.978],[-3.281,-5.026],[0.704,-0.705],[0,0],[0,0],[0,0],[-0.834,-0.544],[-5.815,-1.223],[0,-0.996]],"o":[[0,0],[0,0],[0,-0.997],[5.814,-1.223],[0.836,-0.543],[0,0],[0,0],[0,0],[-0.706,-0.706],[3.264,-4.975],[0.205,-0.975],[0,0],[0,0],[0,0],[-0.997,0],[-1.234,-5.872],[-0.549,-0.836],[0,0],[0,0],[0,0],[-0.705,0.705],[-5.01,-3.272],[-0.975,-0.205],[0,0],[0,0],[0,0],[0,0.997],[-5.815,1.223],[-0.836,0.543],[0,0],[0,0],[0,0],[0.706,0.706],[-3.284,5.006],[-0.202,0.978],[0,0],[0,0],[0,0],[0.999,0],[1.203,5.803],[0.545,0.834],[0,0],[0,0],[0,0],[0.704,-0.705],[5.032,3.274],[0.975,0.206],[0,0]],"v":[[219.293,4.851],[235.701,4.851],[235.701,-11.314],[237.375,-13.376],[253.72,-20.154],[256.36,-19.877],[267.789,-8.433],[279.395,-20.039],[267.949,-31.483],[267.677,-34.13],[274.449,-50.452],[276.511,-52.125],[292.693,-52.125],[292.693,-68.534],[276.511,-68.534],[274.449,-70.209],[267.677,-86.547],[267.948,-89.193],[279.395,-100.639],[267.788,-112.244],[256.341,-100.799],[253.699,-100.524],[237.375,-107.301],[235.701,-109.362],[235.701,-125.527],[219.293,-125.527],[219.293,-109.362],[217.619,-107.301],[201.273,-100.522],[198.633,-100.8],[187.204,-112.243],[175.599,-100.639],[187.045,-89.193],[187.316,-86.547],[180.545,-70.214],[178.482,-68.535],[162.3,-68.535],[162.3,-52.126],[178.482,-52.126],[180.545,-50.446],[187.302,-34.126],[187.029,-31.485],[175.598,-20.04],[187.205,-8.434],[198.633,-19.878],[201.273,-20.154],[217.619,-13.377],[219.293,-11.315]],"c":true},"ix":2},"nm":"Path 1","mn":"ADBE Vector Shape - Group","hd":false},{"ty":"gf","o":{"a":0,"k":100,"ix":10},"r":1,"bm":0,"g":{"p":3,"k":{"a":0,"k":[0,1,0.333,0.008,0.556,0.922,0.31,0.018,1,0.843,0.286,0.027],"ix":9}},"s":{"a":0,"k":[162,-61],"ix":5},"e":{"a":0,"k":[292.394,-61],"ix":6},"t":1,"nm":"Gradient Fill 1","mn":"ADBE Vector Graphic - G-Fill","hd":false},{"ty":"tr","p":{"a":0,"k":[0,0],"ix":2},"a":{"a":0,"k":[0,0],"ix":1},"s":{"a":0,"k":[100,100],"ix":3},"r":{"a":0,"k":0,"ix":6},"o":{"a":0,"k":100,"ix":7},"sk":{"a":0,"k":0,"ix":4},"sa":{"a":0,"k":0,"ix":5},"nm":"Transform"}],"nm":"Group 2","np":2,"cix":2,"bm":0,"ix":2,"mn":"ADBE Vector Group","hd":false},{"ty":"tr","p":{"a":0,"k":[0,0],"ix":2},"a":{"a":0,"k":[0,0],"ix":1},"s":{"a":0,"k":[100,100],"ix":3},"r":{"a":0,"k":0,"ix":6},"o":{"a":0,"k":100,"ix":7},"sk":{"a":0,"k":0,"ix":4},"sa":{"a":0,"k":0,"ix":5},"nm":"Transform"}],"nm":"Group 2","np":2,"cix":2,"bm":0,"ix":2,"mn":"ADBE Vector Group","hd":false},{"ty":"tr","p":{"a":0,"k":[0,0],"ix":2},"a":{"a":0,"k":[0,0],"ix":1},"s":{"a":0,"k":[100,100],"ix":3},"r":{"a":0,"k":0,"ix":6},"o":{"a":0,"k":100,"ix":7},"sk":{"a":0,"k":0,"ix":4},"sa":{"a":0,"k":0,"ix":5},"nm":"Transform"}],"nm":"Group 2","np":2,"cix":2,"bm":0,"ix":2,"mn":"ADBE Vector Group","hd":false}],"ip":0,"op":360,"st":0,"bm":0},{"ddd":0,"ind":17,"ty":4,"nm":"Layer 2","parent":1,"sr":1,"ks":{"o":{"a":0,"k":100,"ix":11},"r":{"a":1,"k":[{"i":{"x":[0.833],"y":[0.833]},"o":{"x":[0.167],"y":[0.167]},"t":0,"s":[0]},{"t":358,"s":[360]}],"ix":10},"p":{"a":0,"k":[267.078,-113.579,0],"ix":2},"a":{"a":0,"k":[214.212,-209.596,0],"ix":1},"s":{"a":0,"k":[100,100,100],"ix":6}},"ao":0,"shapes":[{"ty":"gr","it":[{"ind":0,"ty":"sh","ix":1,"ks":{"a":0,"k":{"i":[[0,0],[0,6.221],[16.93,0],[0,0]],"o":[[3.184,-4.833],[0,-16.93],[0,0],[0,0]],"v":[[237.92,-190.977],[242.97,-207.811],[212.315,-238.465],[212.315,-207.811]],"c":true},"ix":2},"nm":"Path 1","mn":"ADBE Vector Shape - Group","hd":false},{"ty":"gs","o":{"a":0,"k":100,"ix":9},"w":{"a":0,"k":1,"ix":10},"g":{"p":3,"k":{"a":0,"k":[0,1,0.408,0.145,0.556,0.89,0.337,0.086,1,0.78,0.267,0.027],"ix":8}},"s":{"a":0,"k":[211,-215],"ix":4},"e":{"a":0,"k":[242.654,-215],"ix":5},"t":1,"lc":1,"lj":1,"ml":10,"ml2":{"a":0,"k":10,"ix":13},"bm":0,"nm":"Gradient Stroke 1","mn":"ADBE Vector Graphic - G-Stroke","hd":false},{"ty":"tr","p":{"a":0,"k":[0,0],"ix":2},"a":{"a":0,"k":[0,0],"ix":1},"s":{"a":0,"k":[100,100],"ix":3},"r":{"a":0,"k":0,"ix":6},"o":{"a":0,"k":100,"ix":7},"sk":{"a":0,"k":0,"ix":4},"sa":{"a":0,"k":0,"ix":5},"nm":"Transform"}],"nm":"Group 1","np":2,"cix":2,"bm":0,"ix":1,"mn":"ADBE Vector Group","hd":false},{"ty":"gr","it":[{"ind":0,"ty":"sh","ix":1,"ks":{"a":0,"k":{"i":[[0,0],[0,6.221],[16.93,0],[0,0]],"o":[[3.184,-4.833],[0,-16.93],[0,0],[0,0]],"v":[[237.92,-190.977],[242.97,-207.811],[212.315,-238.465],[212.315,-207.811]],"c":true},"ix":2},"nm":"Path 1","mn":"ADBE Vector Shape - Group","hd":false},{"ty":"gf","o":{"a":0,"k":100,"ix":10},"r":1,"bm":0,"g":{"p":3,"k":{"a":0,"k":[0,0.322,0.816,0.667,0.556,0.218,0.757,0.606,1,0.114,0.698,0.545],"ix":9}},"s":{"a":0,"k":[212,-215],"ix":5},"e":{"a":0,"k":[242.654,-215],"ix":6},"t":1,"nm":"Gradient Fill 1","mn":"ADBE Vector Graphic - G-Fill","hd":false},{"ty":"tr","p":{"a":0,"k":[0,0],"ix":2},"a":{"a":0,"k":[0,0],"ix":1},"s":{"a":0,"k":[100,100],"ix":3},"r":{"a":0,"k":0,"ix":6},"o":{"a":0,"k":100,"ix":7},"sk":{"a":0,"k":0,"ix":4},"sa":{"a":0,"k":0,"ix":5},"nm":"Transform"}],"nm":"Group 2","np":2,"cix":2,"bm":0,"ix":2,"mn":"ADBE Vector Group","hd":false},{"ty":"gr","it":[{"ind":0,"ty":"sh","ix":1,"ks":{"a":0,"k":{"i":[[0,-14.835],[14.835,0],[0,14.835],[-14.835,0]],"o":[[0,14.835],[-14.835,0],[0,-14.835],[14.835,0]],"v":[[239.176,-207.587],[212.315,-180.726],[185.455,-207.587],[212.315,-234.447]],"c":true},"ix":2},"nm":"Path 1","mn":"ADBE Vector Shape - Group","hd":false},{"ty":"gs","o":{"a":0,"k":100,"ix":9},"w":{"a":0,"k":1,"ix":10},"g":{"p":3,"k":{"a":0,"k":[0,1,0.478,0.263,0.556,0.853,0.361,0.147,1,0.706,0.243,0.031],"ix":8}},"s":{"a":0,"k":[184,-208],"ix":4},"e":{"a":0,"k":[238.721,-208],"ix":5},"t":1,"lc":1,"lj":1,"ml":10,"ml2":{"a":0,"k":10,"ix":13},"bm":0,"nm":"Gradient Stroke 1","mn":"ADBE Vector Graphic - G-Stroke","hd":false},{"ty":"tr","p":{"a":0,"k":[0,0],"ix":2},"a":{"a":0,"k":[0,0],"ix":1},"s":{"a":0,"k":[100,100],"ix":3},"r":{"a":0,"k":0,"ix":6},"o":{"a":0,"k":100,"ix":7},"sk":{"a":0,"k":0,"ix":4},"sa":{"a":0,"k":0,"ix":5},"nm":"Transform"}],"nm":"Group 3","np":2,"cix":2,"bm":0,"ix":3,"mn":"ADBE Vector Group","hd":false},{"ty":"gr","it":[{"ind":0,"ty":"sh","ix":1,"ks":{"a":0,"k":{"i":[[0,-14.835],[14.835,0],[0,14.835],[-14.835,0]],"o":[[0,14.835],[-14.835,0],[0,-14.835],[14.835,0]],"v":[[239.176,-207.587],[212.315,-180.726],[185.455,-207.587],[212.315,-234.447]],"c":true},"ix":2},"nm":"Path 1","mn":"ADBE Vector Shape - Group","hd":false},{"ty":"gf","o":{"a":0,"k":100,"ix":10},"r":1,"bm":0,"g":{"p":3,"k":{"a":0,"k":[0,0.322,0.816,0.667,0.556,0.218,0.757,0.606,1,0.114,0.698,0.545],"ix":9}},"s":{"a":0,"k":[185,-208],"ix":5},"e":{"a":0,"k":[238.721,-208],"ix":6},"t":1,"nm":"Gradient Fill 1","mn":"ADBE Vector Graphic - G-Fill","hd":false},{"ty":"tr","p":{"a":0,"k":[0,0],"ix":2},"a":{"a":0,"k":[0,0],"ix":1},"s":{"a":0,"k":[100,100],"ix":3},"r":{"a":0,"k":0,"ix":6},"o":{"a":0,"k":100,"ix":7},"sk":{"a":0,"k":0,"ix":4},"sa":{"a":0,"k":0,"ix":5},"nm":"Transform"}],"nm":"Group 4","np":2,"cix":2,"bm":0,"ix":4,"mn":"ADBE Vector Group","hd":false}],"ip":0,"op":360,"st":0,"bm":0},{"ddd":0,"ind":18,"ty":4,"nm":"Layer 1","parent":1,"sr":1,"ks":{"o":{"a":0,"k":100,"ix":11},"r":{"a":1,"k":[{"i":{"x":[0.833],"y":[0.833]},"o":{"x":[0.167],"y":[0.167]},"t":0,"s":[0]},{"t":358,"s":[-360]}],"ix":10},"p":{"a":0,"k":[-154.831,-61.777,0],"ix":2},"a":{"a":0,"k":[-207.697,-157.794,0],"ix":1},"s":{"a":0,"k":[100,100,100],"ix":6}},"ao":0,"shapes":[{"ty":"gr","it":[{"ty":"gr","it":[{"ind":0,"ty":"sh","ix":1,"ks":{"a":0,"k":{"i":[[17.247,0],[0,0],[0,0]],"o":[[0,0],[0,0],[0,-17.247]],"v":[[-210.056,-186.664],[-210.056,-155.435],[-178.828,-155.435]],"c":true},"ix":2},"nm":"Path 1","mn":"ADBE Vector Shape - Group","hd":false},{"ty":"gs","o":{"a":0,"k":100,"ix":9},"w":{"a":0,"k":1,"ix":10},"g":{"p":3,"k":{"a":0,"k":[0,1,1,1,0.556,0.735,0.873,0.829,1,0.471,0.745,0.659],"ix":8}},"s":{"a":0,"k":[-211,-172],"ix":4},"e":{"a":0,"k":[-178.771,-172],"ix":5},"t":1,"lc":1,"lj":1,"ml":10,"ml2":{"a":0,"k":10,"ix":13},"bm":0,"nm":"Gradient Stroke 1","mn":"ADBE Vector Graphic - G-Stroke","hd":false},{"ty":"tr","p":{"a":0,"k":[0,0],"ix":2},"a":{"a":0,"k":[0,0],"ix":1},"s":{"a":0,"k":[100,100],"ix":3},"r":{"a":0,"k":0,"ix":6},"o":{"a":0,"k":100,"ix":7},"sk":{"a":0,"k":0,"ix":4},"sa":{"a":0,"k":0,"ix":5},"nm":"Transform"}],"nm":"Group 1","np":2,"cix":2,"bm":0,"ix":1,"mn":"ADBE Vector Group","hd":false},{"ty":"gr","it":[{"ind":0,"ty":"sh","ix":1,"ks":{"a":0,"k":{"i":[[17.247,0],[0,0],[0,0]],"o":[[0,0],[0,0],[0,-17.247]],"v":[[-210.056,-186.664],[-210.056,-155.435],[-178.828,-155.435]],"c":true},"ix":2},"nm":"Path 1","mn":"ADBE Vector Shape - Group","hd":false},{"ty":"gf","o":{"a":0,"k":100,"ix":10},"r":1,"bm":0,"g":{"p":3,"k":{"a":0,"k":[0,0.902,0.988,0.929,0.556,0.81,0.939,0.882,1,0.718,0.89,0.835],"ix":9}},"s":{"a":0,"k":[-211,-172],"ix":5},"e":{"a":0,"k":[-179.771,-172],"ix":6},"t":1,"nm":"Gradient Fill 1","mn":"ADBE Vector Graphic - G-Fill","hd":false},{"ty":"tr","p":{"a":0,"k":[0,0],"ix":2},"a":{"a":0,"k":[0,0],"ix":1},"s":{"a":0,"k":[100,100],"ix":3},"r":{"a":0,"k":0,"ix":6},"o":{"a":0,"k":100,"ix":7},"sk":{"a":0,"k":0,"ix":4},"sa":{"a":0,"k":0,"ix":5},"nm":"Transform"}],"nm":"Group 2","np":2,"cix":2,"bm":0,"ix":2,"mn":"ADBE Vector Group","hd":false},{"ty":"tr","p":{"a":0,"k":[0,0],"ix":2},"a":{"a":0,"k":[0,0],"ix":1},"s":{"a":0,"k":[100,100],"ix":3},"r":{"a":0,"k":0,"ix":6},"o":{"a":0,"k":100,"ix":7},"sk":{"a":0,"k":0,"ix":4},"sa":{"a":0,"k":0,"ix":5},"nm":"Transform"}],"nm":"Group 1","np":2,"cix":2,"bm":0,"ix":1,"mn":"ADBE Vector Group","hd":false},{"ty":"gr","it":[{"ty":"gr","it":[{"ind":0,"ty":"sh","ix":1,"ks":{"a":0,"k":{"i":[[0,-14.835],[14.835,0],[0,14.835],[-14.835,0]],"o":[[0,14.835],[-14.835,0],[0,-14.835],[14.835,0]],"v":[[-182.846,-155.785],[-209.706,-128.924],[-236.567,-155.785],[-209.706,-182.645]],"c":true},"ix":2},"nm":"Path 1","mn":"ADBE Vector Shape - Group","hd":false},{"ty":"gs","o":{"a":0,"k":100,"ix":9},"w":{"a":0,"k":1,"ix":10},"g":{"p":3,"k":{"a":0,"k":[0,1,1,1,0.556,0.735,0.873,0.829,1,0.471,0.745,0.659],"ix":8}},"s":{"a":0,"k":[-238,-156],"ix":4},"e":{"a":0,"k":[-183.279,-156],"ix":5},"t":1,"lc":1,"lj":1,"ml":10,"ml2":{"a":0,"k":10,"ix":13},"bm":0,"nm":"Gradient Stroke 1","mn":"ADBE Vector Graphic - G-Stroke","hd":false},{"ty":"tr","p":{"a":0,"k":[0,0],"ix":2},"a":{"a":0,"k":[0,0],"ix":1},"s":{"a":0,"k":[100,100],"ix":3},"r":{"a":0,"k":0,"ix":6},"o":{"a":0,"k":100,"ix":7},"sk":{"a":0,"k":0,"ix":4},"sa":{"a":0,"k":0,"ix":5},"nm":"Transform"}],"nm":"Group 1","np":2,"cix":2,"bm":0,"ix":1,"mn":"ADBE Vector Group","hd":false},{"ty":"gr","it":[{"ind":0,"ty":"sh","ix":1,"ks":{"a":0,"k":{"i":[[0,-14.835],[14.835,0],[0,14.835],[-14.835,0]],"o":[[0,14.835],[-14.835,0],[0,-14.835],[14.835,0]],"v":[[-182.846,-155.785],[-209.706,-128.924],[-236.567,-155.785],[-209.706,-182.645]],"c":true},"ix":2},"nm":"Path 1","mn":"ADBE Vector Shape - Group","hd":false},{"ty":"gf","o":{"a":0,"k":100,"ix":10},"r":1,"bm":0,"g":{"p":3,"k":{"a":0,"k":[0,0.902,0.988,0.929,0.556,0.81,0.939,0.882,1,0.718,0.89,0.835],"ix":9}},"s":{"a":0,"k":[-237,-156],"ix":5},"e":{"a":0,"k":[-183.279,-156],"ix":6},"t":1,"nm":"Gradient Fill 1","mn":"ADBE Vector Graphic - G-Fill","hd":false},{"ty":"tr","p":{"a":0,"k":[0,0],"ix":2},"a":{"a":0,"k":[0,0],"ix":1},"s":{"a":0,"k":[100,100],"ix":3},"r":{"a":0,"k":0,"ix":6},"o":{"a":0,"k":100,"ix":7},"sk":{"a":0,"k":0,"ix":4},"sa":{"a":0,"k":0,"ix":5},"nm":"Transform"}],"nm":"Group 2","np":2,"cix":2,"bm":0,"ix":2,"mn":"ADBE Vector Group","hd":false},{"ty":"tr","p":{"a":0,"k":[0,0],"ix":2},"a":{"a":0,"k":[0,0],"ix":1},"s":{"a":0,"k":[100,100],"ix":3},"r":{"a":0,"k":0,"ix":6},"o":{"a":0,"k":100,"ix":7},"sk":{"a":0,"k":0,"ix":4},"sa":{"a":0,"k":0,"ix":5},"nm":"Transform"}],"nm":"Group 2","np":2,"cix":2,"bm":0,"ix":2,"mn":"ADBE Vector Group","hd":false}],"ip":0,"op":360,"st":0,"bm":0}],"markers":[]}